ticker_yf,code,market,company,sector,exchange,current_price,price_return_pct,revenue_yoy_pct,net_income_yoy_pct,net_income_turned_negative,market_cap,pe_ratio,pct_from_52wk_high,last_updated_utc
TTD,TTD,US,Trade Desk (The),Communication Services,NASDAQ,18.59,-76.8,18.5,12.8,False,8739314503,19.7,-79.7,2026-07-19 11:46 UTC
FISV,FISV,US,Fiserv,Financials,NASDAQ,50.63,-69.5,3.6,11.1,False,26998649881,7.8,-69.8,2026-07-19 11:46 UTC
WTC.AX,WTC,ASX,Wisetech Global,Information Technology,ASX,34.95,-69.2,,,False,11747009911,,-71.2,2026-07-19 11:46 UTC
CHTR,CHTR,US,Charter Communications,Communication Services,NASDAQ,131.37,-65.6,-0.6,-1.9,False,18546601778,3.7,-67.3,2026-07-19 11:46 UTC
CSGP,CSGP,US,CoStar Group,Real Estate,NASDAQ,29.78,-64.8,18.7,-95.0,False,12160833473,1737.3,-69.4,2026-07-19 11:46 UTC
COIN,COIN,US,Coinbase,Financials,NASDAQ,157.12,-62.6,9.4,-51.1,False,41394954267,32.8,-64.0,2026-07-19 11:46 UTC
XRO.AX,XRO,ASX,Xero,Information Technology,ASX,69.72,-61.1,20.1,-32.6,False,12084309569,86.6,-61.7,2026-07-19 11:46 UTC
INTU,INTU,US,Intuit,Information Technology,NASDAQ,291.09,-60.9,15.6,30.6,False,79623884328,20.6,-64.2,2026-07-19 11:46 UTC
IT,IT,US,Gartner,Information Technology,NYSE,140.19,-60.6,3.7,-41.8,False,9385985482,12.9,-61.1,2026-07-19 11:46 UTC
COH.AX,COH,ASX,Cochlear,Healthcare,ASX,119.48,-60.3,4.8,9.0,False,7813862823,20.1,-62.6,2026-07-19 11:46 UTC
BSX,BSX,US,Boston Scientific,Health Care,NYSE,44.03,-57.5,19.9,56.3,False,65444216717,22.6,-59.8,2026-07-19 11:46 UTC
TUA.AX,TUA,ASX,Tuas,Communication Services,ASX,2.31,-55.6,29.2,257.8,False,1266795124,183.6,-72.4,2026-07-19 11:46 UTC
SMCI,SMCI,US,Supermicro,Information Technology,NASDAQ,24.18,-53.3,46.6,-9.0,False,15641389990,14.9,-61.2,2026-07-19 11:46 UTC
LULU,LULU,US,Lululemon Athletica,Consumer Discretionary,NASDAQ,116.33,-49.4,4.9,-13.0,False,13209727489,8.4,-49.5,2026-07-19 11:46 UTC
CSL.AX,CSL,ASX,CSL,Healthcare,ASX,123.32,-49.1,5.0,13.6,False,59059425104,19.7,-55.3,2026-07-19 11:46 UTC
ACN,ACN,US,Accenture,Information Technology,NYSE,143.57,-48.1,7.4,5.7,False,87856533071,11.4,-50.7,2026-07-19 11:46 UTC
ORCL,ORCL,US,Oracle Corporation,Information Technology,NYSE,126.41,-47.9,17.3,37.3,False,364120349659,21.3,-63.4,2026-07-19 11:46 UTC
ZTS,ZTS,US,Zoetis,Health Care,NYSE,76.56,-47.9,2.3,7.5,False,32096103691,12.0,-52.3,2026-07-19 11:46 UTC
EBO.AX,EBO,ASX,EBOS Group,Healthcare,ASX,18.99,-46.4,-8.3,-21.9,False,3893685265,16.8,-50.3,2026-07-19 11:46 UTC
NOW,NOW,US,ServiceNow,Information Technology,NYSE,103.24,-46.4,20.9,22.7,False,106472235717,60.9,-50.9,2026-07-19 11:46 UTC
FIS,FIS,US,Fidelity National Information Services,Financials,NYSE,41.91,-46.1,5.4,-73.7,False,21662405140,56.7,-49.3,2026-07-19 11:46 UTC
ARB.AX,ARB,ASX,ARB Corporation,Consumer Discretionary,ASX,17.79,-46.0,5.3,-5.0,False,1488312846,15.3,-57.0,2026-07-19 11:46 UTC
TSCO,TSCO,US,Tractor Supply,Consumer Discretionary,NASDAQ,30.51,-45.0,4.3,-0.5,False,16000957904,14.6,-52.3,2026-07-19 11:46 UTC
GDDY,GDDY,US,GoDaddy,Information Technology,NYSE,94.35,-44.1,8.3,-6.6,False,12492868862,14.3,-45.0,2026-07-19 11:46 UTC
ASB.AX,ASB,ASX,Austal,Industrials,ASX,3.41,-43.7,24.1,503.2,False,1439273099,16.0,-61.3,2026-07-19 11:46 UTC
TYL,TYL,US,Tyler Technologies,Information Technology,NYSE,319.51,-43.4,9.1,20.0,False,13144819130,41.6,-48.6,2026-07-19 11:46 UTC
PME.AX,PME,ASX,Pro Medicus,Healthcare,ASX,187.11,-43.2,31.9,39.2,False,19547375028,169.7,-43.2,2026-07-19 11:46 UTC
NFLX,NFLX,US,Netflix,Communication Services,NASDAQ,68.95,-43.0,15.9,26.1,False,290334545655,26.4,-45.6,2026-07-19 11:46 UTC
PODD,PODD,US,Insulet Corporation,Health Care,NASDAQ,164.06,-42.3,30.7,-40.9,False,11363562247,46.0,-53.8,2026-07-19 11:46 UTC
LLC.AX,LLC,ASX,Lendlease,Real Estate,ASX,2.95,-41.1,-17.5,115.0,False,2038129029,9.1,-50.4,2026-07-19 11:46 UTC
PNR,PNR,US,Pentair,Industrials,NYSE,62.45,-40.7,2.3,4.5,False,10092266159,15.4,-45.2,2026-07-19 11:46 UTC
SEK.AX,SEK,ASX,Seek,Communication Services,ASX,14.11,-40.0,1.2,343.0,False,5050959258,20.6,-52.7,2026-07-19 11:46 UTC
CPRT,CPRT,US,Copart,Industrials,NASDAQ,27.61,-40.0,9.7,13.9,False,25561655583,16.5,-44.9,2026-07-19 11:46 UTC
BLDR,BLDR,US,Builders FirstSource,Industrials,NYSE,74.26,-39.7,-7.4,-59.6,False,7987396622,18.4,-50.8,2026-07-19 11:46 UTC
CTSH,CTSH,US,Cognizant,Information Technology,NASDAQ,44.77,-39.6,7.0,-0.4,False,21176210217,9.5,-48.6,2026-07-19 11:46 UTC
TLX.AX,TLX,ASX,Telix Pharmaceuticals,Healthcare,ASX,14.91,-39.3,55.6,-121.2,True,5051165749,,-41.3,2026-07-19 11:46 UTC
TWE.AX,TWE,ASX,Treasury Wine Estates,Consumer Staples,ASX,4.76,-39.3,7.2,341.8,False,3843401542,8.8,-42.0,2026-07-19 11:46 UTC
FDS,FDS,US,FactSet,Financials,NYSE,258.09,-39.3,5.4,11.2,False,9179110863,15.4,-40.4,2026-07-19 11:46 UTC
DRO.AX,DRO,ASX,Droneshield,Industrials,ASX,2.14,-39.0,276.4,366.7,False,1977554362,561.6,-68.1,2026-07-19 11:46 UTC
NKE,NKE,US,"Nike, Inc.",Consumer Discretionary,NYSE,43.76,-38.0,0.2,-3.4,False,64917900753,20.9,-45.4,2026-07-19 11:46 UTC
WDAY,WDAY,US,"Workday, Inc.",Information Technology,NASDAQ,144.78,-37.9,13.1,31.7,False,35756819988,51.6,-42.1,2026-07-19 11:46 UTC
PTC,PTC,US,PTC Inc.,Information Technology,NASDAQ,124.37,-37.7,19.2,95.0,False,14365455544,19.6,-43.4,2026-07-19 11:46 UTC
PXA.AX,PXA,ASX,Pexa Group,Real Estate,ASX,7.9,-37.4,15.8,-322.4,False,1389896013,,-54.0,2026-07-19 11:46 UTC
MOS,MOS,US,Mosaic Company (The),Materials,NYSE,22.13,-36.8,8.4,209.1,False,7033945965,13.0,-41.0,2026-07-19 11:46 UTC
CMG,CMG,US,Chipotle Mexican Grill,Consumer Discretionary,NYSE,34.44,-36.1,5.4,0.1,False,44177357198,28.8,-36.5,2026-07-19 11:46 UTC
BR,BR,US,Broadridge Financial Solutions,Industrials,NYSE,149.91,-36.0,5.9,20.3,False,17338335727,20.7,-44.9,2026-07-19 11:46 UTC
TRMB,TRMB,US,Trimble Inc.,Information Technology,NASDAQ,52.72,-35.7,-2.6,-71.8,False,12289639566,29.0,-39.7,2026-07-19 11:46 UTC
ADBE,ADBE,US,Adobe Inc.,Information Technology,NASDAQ,237.25,-35.1,10.5,28.2,False,94306875000,13.2,-36.9,2026-07-19 11:46 UTC
CRM,CRM,US,Salesforce,Information Technology,NYSE,170.77,-34.4,9.6,20.3,False,139860633499,18.8,-37.7,2026-07-19 11:46 UTC
ERIE,ERIE,US,Erie Indemnity,Financials,NASDAQ,227.31,-34.3,7.4,-6.8,False,11886009767,21.3,-40.3,2026-07-19 11:46 UTC
NWL.AX,NWL,ASX,Netwealth Group,Financials,ASX,23.48,-34.3,26.6,39.8,False,5761914474,49.5,-38.7,2026-07-19 11:46 UTC
SNPS,SNPS,US,Synopsys,Information Technology,NASDAQ,384.28,-34.3,15.1,-41.1,False,73581674777,55.2,-41.0,2026-07-19 11:46 UTC
LDOS,LDOS,US,Leidos,Industrials,NYSE,106.48,-33.8,3.1,15.5,False,13393636842,9.2,-48.3,2026-07-19 11:46 UTC
ISRG,ISRG,US,Intuitive Surgical,Health Care,NASDAQ,345.42,-33.4,20.5,23.0,False,122334933639,42.8,-42.8,2026-07-19 11:46 UTC
DYL.AX,DYL,ASX,Deep Yellow,Energy,ASX,1.23,-33.2,,,False,1197915585,,-58.6,2026-07-19 11:46 UTC
TPG.AX,TPG,ASX,TPG Telecom,Communication Services,ASX,3.58,-33.1,-8.7,530.8,False,7027645102,15.2,-38.8,2026-07-19 11:46 UTC
VRSK,VRSK,US,Verisk Analytics,Industrials,NASDAQ,200.68,-32.9,6.6,-5.1,False,26293461892,28.9,-33.9,2026-07-19 11:46 UTC
ROP,ROP,US,Roper Technologies,Information Technology,NASDAQ,363.14,-32.8,12.3,-0.8,False,36647131226,23.9,-35.9,2026-07-19 11:46 UTC
BRO,BRO,US,Brown & Brown,Financials,NYSE,69.35,-32.6,22.5,6.1,False,23506032256,22.3,-33.5,2026-07-19 11:46 UTC
AXON,AXON,US,Axon Enterprise,Industrials,NASDAQ,510.28,-32.5,33.5,-66.9,False,41129627753,329.9,-42.4,2026-07-19 11:46 UTC
BPT.AX,BPT,ASX,Beach Energy,Energy,ASX,0.88,-32.1,19.3,90.8,False,1996166949,,-37.9,2026-07-19 11:46 UTC
GDG.AX,GDG,ASX,Generation Development Group,Financials,ASX,3.56,-32.0,88.6,554.9,False,1423706323,37.2,-54.2,2026-07-19 11:46 UTC
EFX,EFX,US,Equifax,Industrials,NYSE,177.08,-32.0,6.9,9.3,False,21361974658,32.4,-34.9,2026-07-19 11:46 UTC
ARE,ARE,US,Alexandria Real Estate Equities,Real Estate,NYSE,50.22,-31.8,-3.4,-542.7,True,8751813498,,-43.1,2026-07-19 11:46 UTC
PSKY,PSKY,US,Paramount Skydance Corporation,Communication Services,NASDAQ,8.75,-31.5,-1.5,-918.1,False,9792764258,,-58.1,2026-07-19 11:46 UTC
REA.AX,REA,ASX,REA Group,Communication Services,ASX,160.86,-31.4,13.5,123.9,False,21050109438,31.1,-39.5,2026-07-19 11:46 UTC
SNZ.AX,SNZ,ASX,Summerset Group Holdings,Healthcare,ASX,7.0,-30.8,13.3,-23.6,False,1698350668,6.5,-42.1,2026-07-19 11:46 UTC
VEEV,VEEV,US,Veeva Systems,Health Care,NYSE,195.38,-30.8,16.3,27.3,False,31738170989,34.9,-37.1,2026-07-19 11:46 UTC
KKR,KKR,US,KKR & Co.,Financials,NYSE,100.94,-30.4,-11.2,-22.9,False,90631296857,38.2,-34.4,2026-07-19 11:46 UTC
SPK.AX,SPK,ASX,Spark New Zealand,Communication Services,ASX,1.53,-30.0,-3.6,-17.7,False,2891867146,11.1,-36.0,2026-07-19 11:46 UTC
RYM.AX,RYM,ASX,Ryman Healthcare,Healthcare,ASX,1.7,-29.5,9.7,-9248.3,True,1726739486,,-35.6,2026-07-19 11:46 UTC
DPZ,DPZ,US,Domino's,Consumer Discretionary,NASDAQ,322.18,-29.5,5.0,3.0,False,10716309033,17.8,-35.0,2026-07-19 11:46 UTC
GQG.AX,GQG,ASX,GQG Partners,Financials,ASX,1.39,-28.9,4.9,7.3,False,4177181988,9.0,-38.5,2026-07-19 11:46 UTC
ARES,ARES,US,Ares Management,Financials,NYSE,125.68,-28.8,44.2,13.7,False,28343144035,53.7,-35.6,2026-07-19 11:46 UTC
ORA.AX,ORA,ASX,Orora,Materials,ASX,1.43,-28.7,-55.5,425.4,False,1758366846,1.8,-40.9,2026-07-19 11:46 UTC
360.AX,360,ASX,Life360,Information Technology,ASX,25.61,-28.5,31.8,3411.4,False,6225664968,41.3,-54.2,2026-07-19 11:46 UTC
CAR.AX,CAR,ASX,CAR Group,Communication Services,ASX,25.71,-27.3,7.7,10.2,False,9740455468,35.4,-38.9,2026-07-19 11:46 UTC
RMD.AX,RMD,ASX,ResMed,Healthcare,ASX,28.75,-26.8,9.8,37.2,False,41703710400,29.8,-36.5,2026-07-19 11:46 UTC
ADSK,ADSK,US,Autodesk,Information Technology,NASDAQ,218.35,-26.5,17.5,1.1,False,46103566845,41.0,-33.7,2026-07-19 11:46 UTC
LOV.AX,LOV,ASX,Lovisa,Consumer Discretionary,ASX,23.35,-26.4,,,False,2585743900,,-46.5,2026-07-19 11:46 UTC
PMV.AX,PMV,ASX,Premier Investments,Consumer Discretionary,ASX,14.4,-26.2,-2.9,-4.9,False,2296888658,8.9,-37.2,2026-07-19 11:46 UTC
LNW.AX,LNW,ASX,Light & Wonder,Consumer Discretionary,ASX,112.42,-25.8,4.0,-17.9,False,8588719792,31.1,-41.8,2026-07-19 11:46 UTC
TNE.AX,TNE,ASX,TechnologyOne,Information Technology,ASX,29.66,-25.6,18.2,16.6,False,9709750906,70.5,-28.4,2026-07-19 11:46 UTC
MKC,MKC,US,McCormick & Company,Consumer Staples,NYSE,51.7,-25.3,1.7,0.1,False,13899625444,17.6,-30.0,2026-07-19 11:46 UTC
OTIS,OTIS,US,Otis Worldwide,Industrials,NYSE,73.45,-24.6,1.2,-15.9,False,28183944611,20.4,-27.4,2026-07-19 11:46 UTC
CDW,CDW,US,CDW Corporation,Information Technology,NASDAQ,133.24,-24.4,6.8,-1.0,False,17021870513,16.0,-27.5,2026-07-19 11:46 UTC
IBM,IBM,US,IBM,Information Technology,NYSE,212.67,-23.7,7.6,75.9,False,199885400777,18.9,-36.0,2026-07-19 11:46 UTC
PYPL,PYPL,US,PayPal,Financials,NASDAQ,56.56,-23.1,4.3,26.2,False,49891887895,9.5,-28.9,2026-07-19 11:46 UTC
DASH,DASH,US,DoorDash,Consumer Discretionary,NASDAQ,184.14,-23.0,27.9,660.2,False,80233245203,85.8,-35.5,2026-07-19 11:46 UTC
EVT.AX,EVT,ASX,EVT,Communication Services,ASX,12.44,-22.9,0.5,593.4,False,2021778861,60.5,-30.9,2026-07-19 11:46 UTC
JBH.AX,JBH,ASX,JB Hi-Fi,Consumer Discretionary,ASX,79.81,-22.9,10.0,5.4,False,8725944757,18.9,-34.0,2026-07-19 11:46 UTC
CMCSA,CMCSA,US,Comcast,Communication Services,NASDAQ,23.79,-22.9,-0.0,23.5,False,84983320642,4.2,-29.5,2026-07-19 11:46 UTC
MSFT,MSFT,US,Microsoft,Information Technology,NASDAQ,393.82,-22.2,14.9,15.5,False,2925466209537,28.7,-29.1,2026-07-19 11:46 UTC
RMD,RMD,US,ResMed,Health Care,NYSE,198.99,-22.1,9.8,37.2,False,28864770649,20.6,-32.3,2026-07-19 11:46 UTC
BX,BX,US,Blackstone Inc.,Financials,NYSE,126.91,-22.0,13.5,8.7,False,155117273754,51.4,-33.2,2026-07-19 11:46 UTC
LEN,LEN,US,Lennar,Consumer Discretionary,NYSE,83.89,-21.9,-3.5,-47.2,False,20208693315,9.7,-41.8,2026-07-19 11:46 UTC
IP,IP,US,International Paper,Materials,NYSE,37.56,-21.8,49.3,-731.2,True,19888658271,,-33.1,2026-07-19 11:46 UTC
ICE,ICE,US,Intercontinental Exchange,Financials,NYSE,139.65,-21.7,7.5,20.4,False,78973816475,23.8,-26.2,2026-07-19 11:46 UTC
CLX,CLX,US,Clorox,Consumer Staples,NYSE,96.32,-21.6,0.2,189.3,False,11647144491,14.4,-27.0,2026-07-19 11:46 UTC
AMT,AMT,US,American Tower,Real Estate,NYSE,170.06,-21.4,5.1,12.2,False,79229774177,31.3,-27.4,2026-07-19 11:46 UTC
CEG,CEG,US,Constellation Energy,Utilities,NASDAQ,252.39,-21.1,8.3,-38.1,False,90128977853,38.9,-38.8,2026-07-19 11:46 UTC
CCI,CCI,US,Crown Castle,Real Estate,NYSE,79.17,-21.1,-4.4,111.4,False,34553902695,77.8,-31.6,2026-07-19 11:46 UTC
MTS.AX,MTS,ASX,Metcash,Consumer Staples,ASX,2.94,-20.8,,,False,3233194965,,-31.0,2026-07-19 11:46 UTC
SGP.AX,SGP,ASX,Stockland,Real Estate,ASX,4.15,-20.2,4.8,170.8,False,10091323338,12.2,-38.5,2026-07-19 11:46 UTC
UBER,UBER,US,Uber,Industrials,NYSE,72.46,-20.0,18.3,2.0,False,147499502618,14.7,-29.0,2026-07-19 11:46 UTC
STZ,STZ,US,Constellation Brands,Consumer Staples,NYSE,132.87,-20.0,-10.5,2172.1,False,22691329692,13.5,-25.4,2026-07-19 11:46 UTC
BKNG,BKNG,US,Booking Holdings,Consumer Discretionary,NASDAQ,181.68,-19.7,13.4,-8.1,False,140779908577,26.1,-21.6,2026-07-19 11:46 UTC
GIS,GIS,US,General Mills,Consumer Staples,NYSE,37.97,-19.5,-5.4,-103.8,True,20264908448,,-26.5,2026-07-19 11:46 UTC
APO,APO,US,Apollo Global Management,Financials,NYSE,120.47,-19.5,22.7,-23.7,False,69453065495,19.9,-21.5,2026-07-19 11:46 UTC
ZBRA,ZBRA,US,Zebra Technologies,Information Technology,NASDAQ,267.4,-19.4,8.3,-20.6,False,12737168730,30.4,-24.2,2026-07-19 11:46 UTC
ZIM.AX,ZIM,ASX,Zimplats Holdings,Materials,ASX,12.72,-19.4,7.8,392.6,False,1369150924,33.8,-50.3,2026-07-19 11:46 UTC
VST,VST,US,Vistra Corp.,Utilities,NYSE,155.44,-19.0,3.0,-64.5,False,52411643649,55.5,-29.3,2026-07-19 11:46 UTC
SBAC,SBAC,US,SBA Communications,Real Estate,NASDAQ,185.69,-18.7,5.1,40.6,False,19694841886,18.7,-23.6,2026-07-19 11:46 UTC
TDG,TDG,US,TransDigm Group,Industrials,NYSE,1214.43,-18.7,11.2,21.0,False,67927424207,32.8,-25.2,2026-07-19 11:46 UTC
FICO,FICO,US,Fair Isaac,Information Technology,NYSE,1257.11,-18.5,15.9,27.1,False,29153519502,44.7,-37.1,2026-07-19 11:46 UTC
DIS,DIS,US,Walt Disney Company (The),Communication Services,NYSE,97.67,-18.4,3.4,149.5,False,169605067602,13.7,-20.9,2026-07-19 11:46 UTC
MGR.AX,MGR,ASX,Mirvac,Real Estate,ASX,1.74,-18.3,-17.2,108.4,False,6865796815,101.0,-29.3,2026-07-19 11:46 UTC
ROL,ROL,US,"Rollins, Inc.",Industrials,NYSE,45.11,-18.2,11.0,12.9,False,21718751114,41.2,-31.8,2026-07-19 11:46 UTC
HUB.AX,HUB,ASX,HUB24,Financials,ASX,83.23,-18.1,23.8,68.5,False,6806031817,85.6,-31.8,2026-07-19 11:46 UTC
AZO,AZO,US,AutoZone,Consumer Discretionary,NYSE,3046.44,-18.0,2.4,-6.2,False,49734213530,19.9,-30.6,2026-07-19 11:46 UTC
AJG,AJG,US,Arthur J. Gallagher & Co.,Financials,NYSE,253.9,-18.0,20.7,2.1,False,65237572232,43.7,-19.5,2026-07-19 11:46 UTC
BAX,BAX,US,Baxter International,Health Care,NYSE,22.61,-17.9,5.7,-47.5,False,11677364586,,-23.0,2026-07-19 11:46 UTC
PNI.AX,PNI,ASX,Pinnacle Investment Management,Financials,ASX,17.66,-17.9,44.1,48.8,False,4255795222,31.7,-30.3,2026-07-19 11:46 UTC
NCLH,NCLH,US,Norwegian Cruise Line Holdings,Consumer Discretionary,NYSE,19.46,-17.5,3.7,-53.5,False,8934282904,21.1,-28.4,2026-07-19 11:46 UTC
SYK,SYK,US,Stryker Corporation,Health Care,NYSE,319.87,-17.0,11.2,8.5,False,122625605069,37.8,-21.0,2026-07-19 11:46 UTC
PAYX,PAYX,US,Paychex,Industrials,NASDAQ,114.39,-17.0,,,False,40677083783,,-22.8,2026-07-19 11:46 UTC
GEHC,GEHC,US,GE HealthCare,Health Care,NASDAQ,63.07,-16.8,4.8,4.6,False,28690024804,13.8,-29.7,2026-07-19 11:46 UTC
ABT,ABT,US,Abbott Laboratories,Health Care,NYSE,100.68,-16.7,5.7,-51.3,False,175365748876,26.9,-26.8,2026-07-19 11:46 UTC
RCL,RCL,US,Royal Caribbean Group,Consumer Discretionary,NYSE,286.96,-16.6,8.8,48.3,False,76961228595,18.0,-21.7,2026-07-19 11:46 UTC
ASX.AX,ASX,ASX,ASX,Financials,ASX,57.5,-16.4,7.3,6.0,False,11236066318,22.4,-20.4,2026-07-19 11:46 UTC
CWY.AX,CWY,ASX,Cleanaway,Industrials,ASX,2.35,-16.3,2.4,0.2,False,5266842736,33.6,-20.6,2026-07-19 11:46 UTC
EXE,EXE,US,Expand Energy,Energy,NASDAQ,88.13,-16.3,188.8,354.8,False,21083237805,11.6,-30.4,2026-07-19 11:46 UTC
WOR.AX,WOR,ASX,Worley,Energy,ASX,10.73,-16.2,-4.8,35.0,False,5432847211,13.3,-27.7,2026-07-19 11:46 UTC
SHL.AX,SHL,ASX,Sonic Healthcare,Healthcare,ASX,21.88,-16.2,7.7,0.5,False,10813925997,21.1,-25.2,2026-07-19 11:46 UTC
KR,KR,US,Kroger,Consumer Staples,NYSE,58.82,-15.9,0.4,-61.9,False,36035912940,35.5,-23.2,2026-07-19 11:46 UTC
REG.AX,REG,ASX,Regis Healthcare,Healthcare,ASX,6.09,-15.8,14.5,328.6,False,1841381612,37.6,-35.2,2026-07-19 11:46 UTC
APTV,APTV,US,Aptiv,Consumer Discretionary,NYSE,57.47,-15.7,3.5,-90.8,False,12161831945,73.7,-35.4,2026-07-19 11:46 UTC
BXB.AX,BXB,ASX,Brambles,Industrials,ASX,19.44,-15.3,7.7,10.9,False,25966001365,33.3,-27.8,2026-07-19 11:46 UTC
EQT,EQT,US,EQT Corporation,Energy,NYSE,49.56,-15.3,60.0,784.4,False,30998690539,15.2,-27.4,2026-07-19 11:46 UTC
T,T,US,AT&T,Communication Services,NYSE,21.81,-15.2,2.7,100.5,False,151543266281,6.9,-26.8,2026-07-19 11:46 UTC
SWKS,SWKS,US,Skyworks Solutions,Information Technology,NASDAQ,59.35,-15.0,-2.2,-19.9,False,8926593675,18.7,-34.7,2026-07-19 11:46 UTC
TAP,TAP,US,Molson Coors Beverage Company,Consumer Staples,NYSE,40.93,-14.7,-4.2,-290.6,True,7676477222,,-25.3,2026-07-19 11:46 UTC
AOS,AOS,US,A. O. Smith,Industrials,NYSE,58.85,-14.5,0.3,2.4,False,8111214312,14.9,-28.1,2026-07-19 11:46 UTC
NRG,NRG,US,NRG Energy,Utilities,NYSE,129.11,-13.9,9.2,-23.2,False,27240463270,31.5,-32.0,2026-07-19 11:46 UTC
GMG.AX,GMG,ASX,Goodman Group,Real Estate,ASX,29.41,-13.8,7.6,1784.9,False,60137362877,36.1,-21.2,2026-07-19 11:46 UTC
PLTR,PLTR,US,Palantir Technologies,Information Technology,NASDAQ,132.38,-13.8,56.2,251.6,False,317356171221,195.3,-36.2,2026-07-19 11:46 UTC
JKHY,JKHY,US,Jack Henry & Associates,Financials,NASDAQ,151.67,-13.8,7.2,19.4,False,10776271673,23.6,-21.6,2026-07-19 11:46 UTC
TMUS,TMUS,US,T-Mobile US,Communication Services,NASDAQ,192.43,-13.7,8.5,-3.1,False,208248645766,18.9,-26.4,2026-07-19 11:46 UTC
BOQ.AX,BOQ,ASX,Bank of Queensland,Financials,ASX,6.4,-13.2,-9.0,129.8,False,4207922623,14.8,-20.7,2026-07-19 11:46 UTC
ADP,ADP,US,Automatic Data Processing,Industrials,NASDAQ,255.27,-13.1,7.1,8.7,False,102040171874,25.0,-19.2,2026-07-19 11:46 UTC
VICI,VICI,US,Vici Properties,Real Estate,NYSE,26.87,-13.0,4.1,3.6,False,29586025549,10.7,-21.0,2026-07-19 11:46 UTC
EDV.AX,EDV,ASX,Endeavour Group,Consumer Staples,ASX,3.44,-12.9,-2.0,-16.8,False,6177296418,14.5,-19.5,2026-07-19 11:46 UTC
VGN.AX,VGN,ASX,Virgin Australia Holdings,Industrials,ASX,2.8,-12.8,,,False,2195849131,,-26.3,2026-07-19 11:46 UTC
NVR,NVR,US,"NVR, Inc.",Consumer Discretionary,NYSE,6490.04,-12.6,-1.9,-20.3,False,17518513157,13.1,-24.7,2026-07-19 11:46 UTC
MRSH,MRSH,US,Marsh McLennan,Financials,NYSE,182.18,-12.5,10.3,2.5,False,87773318663,21.1,-14.8,2026-07-19 11:46 UTC
DXS.AX,DXS,ASX,Dexus,Real Estate,ASX,5.76,-12.5,4.6,109.9,False,6178118438,39.5,-25.5,2026-07-19 11:46 UTC
AUB.AX,AUB,ASX,AUB Group,Financials,ASX,29.13,-12.5,10.3,31.4,False,3805558151,21.1,-27.7,2026-07-19 11:46 UTC
NWS.AX,NWS,ASX,News Corp Class B,Communication Services,ASX,46.6,-12.3,2.4,343.6,False,25261216419,21.4,-18.5,2026-07-19 11:46 UTC
BEN.AX,BEN,ASX,Bendigo & Adelaide Bank,Financials,ASX,10.59,-12.0,-5.0,-117.8,True,5971350091,,-22.9,2026-07-19 11:46 UTC
SGH.AX,SGH,ASX,SGH,Industrials,ASX,43.8,-11.4,1.2,12.6,False,17826519448,34.1,-18.0,2026-07-19 11:46 UTC
YAL.AX,YAL,ASX,Yancoal Australia,Materials,ASX,5.36,-11.1,-15.3,-63.8,False,7077555559,16.1,-40.8,2026-07-19 11:46 UTC
KMB,KMB,US,Kimberly-Clark,Consumer Staples,NASDAQ,108.35,-10.9,-2.1,-20.6,False,35964181594,17.8,-21.2,2026-07-19 11:46 UTC
HVN.AX,HVN,ASX,Harvey Norman,Consumer Discretionary,ASX,4.78,-10.7,5.1,47.0,False,5955912068,11.5,-37.9,2026-07-19 11:46 UTC
CIA.AX,CIA,ASX,Champion Iron,Materials,ASX,3.96,-10.5,10.2,18.8,False,2217785832,13.1,-40.8,2026-07-19 11:46 UTC
UHS,UHS,US,Universal Health Services,Health Care,NYSE,151.16,-10.1,9.7,30.4,False,9150675039,6.1,-38.6,2026-07-19 11:46 UTC
PGR,PGR,US,Progressive Corporation,Financials,NYSE,207.95,-10.1,16.3,33.3,False,120902128226,10.7,-18.4,2026-07-19 11:46 UTC
GEN,GEN,US,Gen Digital,Information Technology,NASDAQ,26.74,-9.9,27.1,51.3,False,16109081118,16.6,-17.0,2026-07-19 11:46 UTC
RWC.AX,RWC,ASX,Reliance Worldwide Corporation,Industrials,ASX,3.74,-9.8,5.5,13.5,False,2797665115,22.4,-19.0,2026-07-19 11:46 UTC
LII,LII,US,Lennox International,Industrials,NYSE,543.93,-9.8,-2.7,-0.7,False,18928746339,23.5,-21.1,2026-07-19 11:46 UTC
CCL,CCL,US,Carnival Corporation,Consumer Discretionary,NYSE,26.41,-9.7,6.4,44.1,False,36172433024,13.1,-22.4,2026-07-19 11:46 UTC
KVUE,KVUE,US,Kenvue,Consumer Staples,NYSE,18.98,-9.7,-2.1,42.7,False,36441763640,24.8,-17.0,2026-07-19 11:46 UTC
MDLZ,MDLZ,US,Mondelez International,Consumer Staples,NASDAQ,61.0,-9.6,5.8,-46.8,False,78302635726,31.9,-14.3,2026-07-19 11:46 UTC
ALLE,ALLE,US,Allegion,Industrials,NYSE,137.24,-9.5,7.8,7.7,False,11793838036,18.3,-25.1,2026-07-19 11:46 UTC
CARR,CARR,US,Carrier Global,Industrials,NYSE,68.69,-9.0,-3.3,-73.5,False,57052571284,38.4,-15.3,2026-07-19 11:46 UTC
HOOD,HOOD,US,Robinhood Markets,Financials,NASDAQ,99.96,-8.9,51.6,33.5,False,90014484673,47.8,-35.0,2026-07-19 11:46 UTC
WYNN,WYNN,US,Wynn Resorts,Consumer Discretionary,NASDAQ,96.64,-8.7,0.1,-34.7,False,10029949427,30.6,-28.3,2026-07-19 11:46 UTC
VLTO,VLTO,US,Veralto,Industrials,NYSE,93.81,-8.7,6.0,12.8,False,23039666544,24.5,-14.8,2026-07-19 11:46 UTC
SDF.AX,SDF,ASX,Steadfast Group,Financials,ASX,5.27,-8.6,9.9,46.9,False,5860195858,17.5,-20.9,2026-07-19 11:46 UTC
DXCM,DXCM,US,Dexcom,Health Care,NASDAQ,76.65,-8.6,15.6,45.1,False,29577164276,35.4,-14.8,2026-07-19 11:46 UTC
BF-B,BF.B,US,Brown–Forman,Consumer Staples,NYSE,25.58,-8.5,-1.2,-17.7,False,11737747864,16.4,-19.9,2026-07-19 11:46 UTC
SPGI,SPGI,US,S&P Global,Financials,NYSE,450.84,-8.4,7.9,16.1,False,133448638916,29.8,-17.7,2026-07-19 11:46 UTC
HRL,HRL,US,Hormel Foods,Consumer Staples,NYSE,25.39,-8.3,1.6,-40.6,False,13972496473,29.2,-14.7,2026-07-19 11:46 UTC
AVY,AVY,US,Avery Dennison,Materials,NYSE,160.41,-8.2,1.1,-2.4,False,12269822938,17.8,-19.6,2026-07-19 11:46 UTC
META,META,US,Meta Platforms,Communication Services,NASDAQ,646.01,-8.0,22.2,-3.1,False,1639846863406,27.1,-18.9,2026-07-19 11:46 UTC
MCD,MCD,US,McDonald's,Consumer Discretionary,NYSE,267.71,-7.7,3.7,4.1,False,190209517442,22.2,-21.7,2026-07-19 11:46 UTC
JHX.AX,JHX,ASX,James Hardie,Materials,ASX,37.6,-7.6,24.7,-75.5,False,21820661591,209.8,-18.2,2026-07-19 11:46 UTC
SUL.AX,SUL,ASX,Super Retail Group,Consumer Discretionary,ASX,13.16,-7.6,4.8,-7.6,False,2971876706,13.4,-34.9,2026-07-19 11:46 UTC
MAA,MAA,US,Mid-America Apartment Communities,Real Estate,NYSE,132.96,-7.6,0.8,-15.3,False,15474524055,34.6,-13.6,2026-07-19 11:46 UTC
AGL.AX,AGL,ASX,AGL Energy,Utilities,ASX,8.39,-7.5,5.5,-113.8,True,5644349516,,-21.1,2026-07-19 11:46 UTC
MEZ.AX,MEZ,ASX,Meridian Energy,Utilities,ASX,4.7,-7.4,-0.8,-205.4,True,12702083128,,-12.1,2026-07-19 11:46 UTC
AMC.AX,AMC,ASX,Amcor,Materials,ASX,63.77,-7.4,10.0,-30.0,False,29483784863,57.7,-16.5,2026-07-19 11:46 UTC
ALGN,ALGN,US,Align Technology,Health Care,NASDAQ,176.76,-7.3,0.9,-2.6,False,12659219735,30.8,-15.1,2026-07-19 11:46 UTC
CME,CME,US,CME Group,Financials,NASDAQ,245.05,-7.3,6.4,15.5,False,88542141235,21.7,-25.6,2026-07-19 11:46 UTC
CTAS,CTAS,US,Cintas,Industrials,NASDAQ,204.45,-7.0,,,False,81810052929,,-9.8,2026-07-19 11:46 UTC
ORG.AX,ORG,ASX,Origin Energy,Utilities,ASX,10.53,-6.9,7.1,5.9,False,18140532516,12.3,-19.8,2026-07-19 11:46 UTC
ORLY,ORLY,US,O’Reilly Automotive,Consumer Discretionary,NASDAQ,86.05,-6.8,6.4,6.3,False,71310935077,28.1,-20.9,2026-07-19 11:46 UTC
BA,BA,US,Boeing,Industrials,NYSE,214.03,-6.7,34.5,118.9,False,168720346942,75.5,-15.9,2026-07-19 11:46 UTC
RSG,RSG,US,Republic Services,Industrials,NYSE,222.31,-6.5,3.5,4.7,False,68396802430,32.0,-9.7,2026-07-19 11:46 UTC
NXT.AX,NXT,ASX,NextDC,Information Technology,ASX,13.12,-6.4,5.7,-37.1,False,9976661900,,-28.0,2026-07-19 11:46 UTC
ALL.AX,ALL,ASX,Aristocrat Leisure,Consumer Discretionary,ASX,61.57,-6.4,-4.6,25.8,False,37052371430,22.6,-16.0,2026-07-19 11:46 UTC
XYL,XYL,US,Xylem Inc.,Industrials,NYSE,122.78,-6.3,5.5,7.5,False,29184006780,30.5,-20.4,2026-07-19 11:46 UTC
CEN.AX,CEN,ASX,Contact Energy,Utilities,ASX,7.46,-5.7,20.1,40.9,False,7418403697,22.4,-13.2,2026-07-19 11:46 UTC
NWS,NWS,US,News Corp (Class B),Communication Services,NASDAQ,32.42,-5.3,2.4,343.6,False,17574433838,14.9,-8.9,2026-07-19 11:46 UTC
AMCR,AMCR,US,Amcor,Materials,NYSE,43.94,-5.1,10.0,-30.0,False,20315468984,39.8,-13.7,2026-07-19 11:46 UTC
LVS,LVS,US,Las Vegas Sands,Consumer Discretionary,NYSE,45.36,-4.9,15.2,12.5,False,30057229466,18.5,-35.6,2026-07-19 11:46 UTC
KDP,KDP,US,Keurig Dr Pepper,Consumer Staples,NASDAQ,30.91,-4.7,8.2,44.3,False,42054893041,20.2,-14.0,2026-07-19 11:46 UTC
CLW.AX,CLW,ASX,Charter Hall Long WALE REIT,Real Estate,ASX,3.69,-4.6,-16.7,123.2,False,2640922783,22.3,-20.8,2026-07-19 11:46 UTC
EL,EL,US,Estée Lauder Companies (The),Consumer Staples,NYSE,82.13,-4.4,-8.2,-390.5,True,29714215375,,-32.5,2026-07-19 11:46 UTC
FLT.AX,FLT,ASX,Flight Centre Travel Group,Consumer Discretionary,ASX,12.18,-4.3,2.7,-21.6,False,2510983273,22.9,-26.4,2026-07-19 11:46 UTC
SUN.AX,SUN,ASX,Suncorp,Financials,ASX,19.05,-4.1,15.7,52.3,False,20193978476,11.1,-13.1,2026-07-19 11:46 UTC
NWSA,NWSA,US,News Corp (Class A),Communication Services,NASDAQ,28.43,-4.1,2.4,343.6,False,15411511030,13.1,-10.1,2026-07-19 11:46 UTC
MDT,MDT,US,Medtronic,Health Care,NYSE,83.2,-4.1,8.4,3.0,False,106499755902,22.2,-21.8,2026-07-19 11:46 UTC
J,J,US,Jacobs Solutions,Industrials,NYSE,131.75,-4.0,4.6,-64.1,False,15557155808,53.8,-21.8,2026-07-19 11:46 UTC
IR,IR,US,Ingersoll Rand,Industrials,NYSE,82.24,-3.8,5.7,-30.7,False,32183540392,55.4,-18.5,2026-07-19 11:46 UTC
GPN,GPN,US,Global Payments,Financials,NYSE,77.82,-3.8,-0.4,-10.8,False,21287155631,15.2,-14.1,2026-07-19 11:46 UTC
PEG,PEG,US,Public Service Enterprise Group,Utilities,NYSE,78.64,-3.6,18.3,19.1,False,39187994749,18.6,-13.8,2026-07-19 11:46 UTC
PPT.AX,PPT,ASX,Perpetual,Financials,ASX,19.21,-3.6,3.4,87.7,False,2222428249,,-13.9,2026-07-19 11:46 UTC
WTW,WTW,US,Willis Towers Watson,Financials,NASDAQ,293.43,-3.6,-2.2,1737.8,False,27713868906,17.3,-16.8,2026-07-19 11:46 UTC
COF,COF,US,Capital One,Financials,NYSE,208.03,-3.3,36.6,-48.4,False,128150531880,52.2,-19.9,2026-07-19 11:46 UTC
HD,HD,US,Home Depot (The),Consumer Discretionary,NYSE,338.87,-3.2,3.2,-4.4,False,337892925161,23.9,-20.6,2026-07-19 11:46 UTC
CVNA,CVNA,US,Carvana,Consumer Discretionary,NYSE,67.34,-3.1,48.6,570.0,False,48234857223,34.3,-30.8,2026-07-19 11:46 UTC
AWK,AWK,US,American Water Works,Utilities,NYSE,135.11,-3.0,9.7,5.7,False,26384351311,23.7,-8.6,2026-07-19 11:46 UTC
LOW,LOW,US,Lowe's,Consumer Discretionary,NYSE,208.73,-2.9,3.1,-4.4,False,117036378272,17.6,-28.8,2026-07-19 11:46 UTC
ULTA,ULTA,US,Ulta Beauty,Consumer Discretionary,NASDAQ,479.57,-2.8,9.7,-4.0,False,20616384191,17.9,-32.9,2026-07-19 11:46 UTC
QAN.AX,QAN,ASX,Qantas,Industrials,ASX,10.24,-2.8,8.3,27.9,False,15495160271,9.7,-18.9,2026-07-19 11:46 UTC
AFI.AX,AFI,ASX,Australian Foundation Investment Company,Financials,ASX,6.93,-2.8,-2.6,-3.8,False,8532234188,29.9,-9.8,2026-07-19 11:46 UTC
CI,CI,US,Cigna,Health Care,NYSE,281.45,-2.7,11.3,73.5,False,74452648335,12.5,-10.8,2026-07-19 11:46 UTC
STE,STE,US,Steris,Health Care,NYSE,217.84,-2.6,8.7,27.3,False,21230180654,27.1,-19.2,2026-07-19 11:46 UTC
INVH,INVH,US,Invitation Homes,Real Estate,NYSE,30.12,-2.4,4.2,29.5,False,17892544213,30.4,-7.8,2026-07-19 11:46 UTC
A2M.AX,A2M,ASX,a2 Milk Company,Consumer Staples,ASX,6.96,-2.4,13.5,21.1,False,5048966338,24.9,-30.2,2026-07-19 11:46 UTC
DRI,DRI,US,Darden Restaurants,Consumer Discretionary,NYSE,198.53,-2.2,6.0,2.1,False,22738634006,21.7,-10.0,2026-07-19 11:46 UTC
CBA.AX,CBA,ASX,Commonwealth Bank,Financials,ASX,171.78,-2.2,4.3,7.7,False,287237410924,28.4,-7.4,2026-07-19 11:46 UTC
AMP,AMP,US,Ameriprise Financial,Financials,NYSE,527.87,-1.8,7.0,4.8,False,47453973292,13.3,-4.1,2026-07-19 11:46 UTC
EMR,EMR,US,Emerson Electric,Industrials,NYSE,139.54,-1.7,3.0,16.5,False,78156350240,34.1,-15.5,2026-07-19 11:46 UTC
HON,HON,US,Honeywell Technologies,Industrials,NASDAQ,225.02,-1.7,7.8,-17.1,False,71292313660,15.1,-13.5,2026-07-19 11:46 UTC
SHW,SHW,US,Sherwin-Williams,Materials,NYSE,331.32,-1.7,2.1,-4.2,False,81715315756,31.8,-12.7,2026-07-19 11:46 UTC
COO,COO,US,Cooper Companies (The),Health Care,NASDAQ,71.71,-1.3,5.1,-4.4,False,13985646299,37.3,-20.2,2026-07-19 11:46 UTC
AVB,AVB,US,AvalonBay Communities,Real Estate,NYSE,192.53,-1.2,4.4,-2.8,False,27351521485,26.0,-6.1,2026-07-19 11:46 UTC
ZBH,ZBH,US,Zimmer Biomet,Health Care,NYSE,91.12,-1.2,7.2,-22.0,False,17628301891,25.0,-15.9,2026-07-19 11:46 UTC
PG,PG,US,Procter & Gamble,Consumer Staples,NYSE,149.98,-1.2,0.3,7.4,False,349243264772,21.9,-10.3,2026-07-19 11:46 UTC
MA,MA,US,Mastercard,Financials,NYSE,543.6,-1.0,16.4,16.3,False,480316162006,32.1,-9.7,2026-07-19 11:46 UTC
BLK,BLK,US,BlackRock,Financials,NYSE,1072.2,-0.8,18.7,-12.8,False,166186048518,29.9,-12.1,2026-07-19 11:46 UTC
VRSN,VRSN,US,Verisign,Information Technology,NASDAQ,277.66,-0.8,6.4,5.1,False,25267060333,30.6,-11.1,2026-07-19 11:46 UTC
KHC,KHC,US,Kraft Heinz,Consumer Staples,NASDAQ,25.88,-0.7,-3.5,-313.0,True,30687924276,,-11.3,2026-07-19 11:46 UTC
MSI,MSI,US,Motorola Solutions,Information Technology,NYSE,413.31,-0.6,8.0,36.6,False,68607633591,31.9,-16.0,2026-07-19 11:46 UTC
COST,COST,US,Costco,Consumer Staples,NASDAQ,940.87,-0.5,8.2,9.9,False,417255900154,51.5,-14.2,2026-07-19 11:46 UTC
PEP,PEP,US,PepsiCo,Consumer Staples,NASDAQ,137.12,-0.5,2.3,-14.0,False,187153923768,22.7,-20.0,2026-07-19 11:46 UTC
CPU.AX,CPU,ASX,Computershare,Information Technology,ASX,39.86,-0.3,5.1,72.1,False,23054508963,38.0,-5.7,2026-07-19 11:46 UTC
MLM,MLM,US,Martin Marietta Materials,Materials,NYSE,562.59,0.1,8.6,-43.0,False,33781224494,29.7,-20.9,2026-07-19 11:46 UTC
WY,WY,US,Weyerhaeuser,Real Estate,NYSE,24.49,0.2,-3.1,-18.2,False,17658333329,54.5,-11.7,2026-07-19 11:46 UTC
DLR,DLR,US,Digital Realty,Real Estate,NYSE,173.88,0.5,10.0,117.2,False,64331429034,49.2,-16.5,2026-07-19 11:46 UTC
FPH.AX,FPH,ASX,Fisher & Paykel Healthcare,Healthcare,ASX,33.31,0.6,80.3,24.2,False,19562597696,41.8,-5.7,2026-07-19 11:46 UTC
FAST,FAST,US,Fastenal,Industrials,NASDAQ,45.49,0.8,8.7,9.4,False,52199666522,41.5,-10.2,2026-07-19 11:46 UTC
FDXF,FDXF,US,FedEx Freight,Industrials,NYSE,152.26,0.8,-5.7,-31.4,False,22672450951,21.0,-23.9,2026-07-19 11:46 UTC
LYB,LYB,US,LyondellBasell,Materials,NYSE,59.17,0.8,-9.7,-154.8,True,19099174427,,-29.5,2026-07-19 11:46 UTC
FOX,FOX,US,Fox Corporation (Class B),Communication Services,NASDAQ,51.63,0.9,16.6,50.8,False,21679471111,9.6,-24.3,2026-07-19 11:46 UTC
CBRE,CBRE,US,CBRE Group,Real Estate,NYSE,140.96,1.1,13.4,19.5,False,41275426942,35.7,-19.1,2026-07-19 11:46 UTC
YUM,YUM,US,Yum! Brands,Consumer Discretionary,NYSE,147.92,1.2,8.8,4.9,False,40769887695,26.2,-13.1,2026-07-19 11:46 UTC
AIG,AIG,US,American International Group,Financials,NYSE,80.5,1.5,-1.8,320.5,False,42681600790,13.8,-7.8,2026-07-19 11:46 UTC
UDR,UDR,US,"UDR, Inc.",Real Estate,NYSE,39.76,1.6,2.4,321.6,False,12918645818,34.2,-5.3,2026-07-19 11:46 UTC
AIA.AX,AIA,ASX,Auckland International Airport Limited,Industrials,ASX,7.07,1.7,11.1,7549.1,False,11984566584,28.5,-8.8,2026-07-19 11:46 UTC
CIP.AX,CIP,ASX,Centuria Industrial REIT,Real Estate,ASX,3.02,1.7,5.5,176.4,False,1885651963,14.2,-15.9,2026-07-19 11:46 UTC
SW,SW,US,Smurfit Westrock,Materials,NYSE,44.3,1.8,47.7,119.1,False,23233758255,33.2,-15.9,2026-07-19 11:46 UTC
IAG.AX,IAG,ASX,Insurance Australia Group,Financials,ASX,8.32,1.9,9.0,51.3,False,19451767390,14.3,-9.3,2026-07-19 11:46 UTC
ARG.AX,ARG,ASX,Argo Investments,Financials,ASX,8.97,2.0,3.1,2.7,False,6749417445,26.0,-6.5,2026-07-19 11:46 UTC
MXT.AX,MXT,ASX,Metrics Master Income Trust,Financials,ASX,1.94,2.0,-2.7,-2.6,False,2378180223,14.0,-6.3,2026-07-19 11:46 UTC
NOC,NOC,US,Northrop Grumman,Industrials,NYSE,521.57,2.1,2.2,0.2,False,74080401118,17.7,-32.6,2026-07-19 11:46 UTC
TTWO,TTWO,US,Take-Two Interactive,Communication Services,NASDAQ,236.68,2.4,18.2,93.3,False,43943584439,,-11.0,2026-07-19 11:46 UTC
CTD.AX,CTD,ASX,Corporate Travel Management,Consumer Discretionary,ASX,16.07,2.5,8.8,8.9,False,2351454694,27.8,-2.8,2026-07-19 11:46 UTC
GPT.AX,GPT,ASX,GPT Group,Real Estate,ASX,4.97,2.6,4.4,588.8,False,9520419425,9.7,-13.6,2026-07-19 11:46 UTC
ECL,ECL,US,Ecolab,Materials,NYSE,272.83,2.6,2.2,-1.7,False,76784589892,37.0,-11.8,2026-07-19 11:46 UTC
PPL,PPL,US,PPL Corporation,Utilities,NYSE,35.85,2.8,6.9,33.0,False,26971759330,22.8,-10.6,2026-07-19 11:46 UTC
APD,APD,US,Air Products,Materials,NYSE,295.62,2.8,-0.5,-110.3,True,65828863308,,-6.1,2026-07-19 11:46 UTC
CHD,CHD,US,Church & Dwight,Consumer Staples,NYSE,98.07,2.9,1.6,25.9,False,23237058976,31.5,-7.5,2026-07-19 11:46 UTC
MCO,MCO,US,Moody's Corporation,Financials,NYSE,510.86,3.0,8.9,19.5,False,89235202558,36.3,-6.6,2026-07-19 11:46 UTC
HSY,HSY,US,Hershey Company (The),Consumer Staples,NYSE,171.42,3.1,4.4,-60.2,False,34771410457,39.4,-28.4,2026-07-19 11:46 UTC
CPT,CPT,US,Camden Property Trust,Real Estate,NYSE,112.97,3.2,1.9,135.4,False,11194264751,29.1,-5.7,2026-07-19 11:46 UTC
FOXA,FOXA,US,Fox Corporation (Class A),Communication Services,NASDAQ,57.62,3.4,16.6,50.8,False,24194675120,10.7,-24.6,2026-07-19 11:46 UTC
BRG.AX,BRG,ASX,Breville Group,Consumer Discretionary,ASX,31.05,3.4,10.9,14.6,False,4497237209,33.1,-16.3,2026-07-19 11:46 UTC
HCA,HCA,US,HCA Healthcare,Health Care,NYSE,371.18,3.5,7.1,17.8,False,82342495339,12.1,-33.3,2026-07-19 11:46 UTC
V,V,US,Visa Inc.,Financials,NYSE,358.56,3.5,11.3,1.6,False,681889252285,34.0,-1.8,2026-07-19 11:46 UTC
MPL.AX,MPL,ASX,Medibank,Financials,ASX,5.13,3.6,6.6,1.7,False,14128036936,28.2,-2.8,2026-07-19 11:46 UTC
STO.AX,STO,ASX,Santos,Energy,ASX,7.68,3.6,-8.4,-33.2,False,24942895783,30.5,-6.8,2026-07-19 11:46 UTC
BFL.AX,BFL,ASX,BSP Financial Group,Financials,ASX,8.18,3.6,13.5,12.9,False,3820060143,3.3,-13.9,2026-07-19 11:46 UTC
AON,AON,US,Aon plc,Financials,NYSE,367.21,3.6,9.4,39.2,False,78427589617,21.2,-3.6,2026-07-19 11:46 UTC
BRK-B,BRK.B,US,Berkshire Hathaway,Financials,NYSE,490.91,3.6,-3.2,-24.8,False,1058821105384,15.8,-5.0,2026-07-19 11:46 UTC
NDAQ,NDAQ,US,"Nasdaq, Inc.",Financials,NASDAQ,91.64,3.8,11.6,60.1,False,51826158384,29.0,-10.0,2026-07-19 11:46 UTC
NHF.AX,NHF,ASX,Nib,Financials,ASX,7.31,4.1,5.5,7.7,False,3573952474,17.9,-11.5,2026-07-19 11:46 UTC
WAM.AX,WAM,ASX,WAM Capital,Financials,ASX,1.57,4.2,-4.0,-4.2,False,1786975240,8.1,-18.4,2026-07-19 11:46 UTC
HPQ,HPQ,US,HP Inc.,Information Technology,NYSE,24.84,4.2,3.2,-8.9,False,22716743759,9.0,-16.2,2026-07-19 11:46 UTC
DECK,DECK,US,Deckers Brands,Consumer Discretionary,NYSE,106.49,4.5,9.8,6.0,False,14789432814,14.4,-15.8,2026-07-19 11:46 UTC
SO,SO,US,Southern Company,Utilities,NYSE,95.3,4.6,10.6,-1.4,False,107431798080,24.7,-5.5,2026-07-19 11:46 UTC
CDNS,CDNS,US,Cadence Design Systems,Information Technology,NASDAQ,330.11,4.6,14.1,5.1,False,91049615720,82.1,-20.8,2026-07-19 11:46 UTC
EXR,EXR,US,Extra Space Storage,Real Estate,NYSE,148.16,4.7,3.7,14.0,False,31300421051,32.1,-4.5,2026-07-19 11:46 UTC
ABNB,ABNB,US,Airbnb,Consumer Discretionary,NASDAQ,145.98,4.8,10.3,-5.2,False,86639846124,34.5,-3.2,2026-07-19 11:46 UTC
PPG,PPG,US,PPG Industries,Materials,NYSE,117.36,5.2,0.2,41.2,False,26159544136,16.6,-12.0,2026-07-19 11:46 UTC
GPC,GPC,US,Genuine Parts Company,Consumer Discretionary,NYSE,124.82,5.2,3.5,-92.7,False,17365221478,263.3,-17.6,2026-07-19 11:46 UTC
ZIP.AX,ZIP,ASX,Zip,Financials,ASX,2.98,5.3,23.5,2084.7,False,3712846994,46.5,-39.6,2026-07-19 11:46 UTC
IFF,IFF,US,International Flavors & Fragrances,Materials,NYSE,78.2,5.4,-5.2,-237.3,True,19964730809,,-7.4,2026-07-19 11:46 UTC
CMS,CMS,US,CMS Energy,Utilities,NYSE,73.65,5.5,13.6,6.8,False,22751929159,21.2,-8.3,2026-07-19 11:46 UTC
VRTX,VRTX,US,Vertex Pharmaceuticals,Health Care,NASDAQ,485.65,5.6,8.9,838.1,False,123260599217,31.2,-9.0,2026-07-19 11:46 UTC
TLS.AX,TLS,ASX,Telstra,Communication Services,ASX,5.04,5.7,0.8,33.9,False,56141246260,25.8,-9.7,2026-07-19 11:46 UTC
TT,TT,US,Trane Technologies,Industrials,NYSE,469.98,5.8,7.5,13.7,False,103891655509,35.6,-7.1,2026-07-19 11:46 UTC
HONA,HONA,US,Honeywell Aerospace,Industrials,NASDAQ,211.63,5.8,12.7,-36.8,False,67073960840,37.7,-28.9,2026-07-19 11:46 UTC
BXP,BXP,US,"BXP, Inc.",Real Estate,NYSE,69.85,5.8,2.2,1839.5,False,11139495518,40.2,-12.0,2026-07-19 11:46 UTC
GNE.AX,GNE,ASX,Genesis Energy,Utilities,ASX,2.17,5.8,22.7,29.0,False,2443795780,14.5,-3.6,2026-07-19 11:46 UTC
COR,COR,US,Cencora,Health Care,NYSE,307.9,5.9,9.3,3.0,False,59905349186,38.5,-18.4,2026-07-19 11:46 UTC
ESS,ESS,US,Essex Property Trust,Real Estate,NYSE,292.93,6.0,6.4,-9.7,False,18824190735,28.1,-3.4,2026-07-19 11:46 UTC
VEA.AX,VEA,ASX,Viva Energy,Energy,ASX,2.34,6.1,-5.2,-451.9,False,3843498849,,-13.0,2026-07-19 11:46 UTC
RJF,RJF,US,Raymond James Financial,Financials,NYSE,168.36,6.2,9.5,3.2,False,32810507723,15.4,-5.2,2026-07-19 11:46 UTC
MMM,MMM,US,3M,Industrials,NYSE,159.84,6.3,1.5,-22.1,False,83367309088,25.7,-9.9,2026-07-19 11:46 UTC
ANN.AX,ANN,ASX,Ansell,Healthcare,ASX,31.67,6.3,23.7,32.8,False,4457834817,43.9,-15.6,2026-07-19 11:46 UTC
SIG.AX,SIG,ASX,Sigma Healthcare,Healthcare,ASX,2.93,6.6,23.7,3928.3,False,33823050080,63.8,-8.4,2026-07-19 11:46 UTC
ETN,ETN,US,Eaton Corporation,Industrials,NYSE,399.99,6.9,10.3,7.7,False,155316113208,38.0,-8.4,2026-07-19 11:46 UTC
SYF,SYF,US,Synchrony Financial,Financials,NYSE,73.62,6.9,-0.5,1.5,False,24763578140,7.0,-17.1,2026-07-19 11:46 UTC
WM,WM,US,Waste Management,Industrials,NYSE,239.31,7.0,14.2,-1.4,False,96101092231,35.5,-3.6,2026-07-19 11:46 UTC
WRB,WRB,US,W. R. Berkley Corporation,Financials,NYSE,71.61,7.0,6.9,1.3,False,26658737006,15.0,-9.3,2026-07-19 11:46 UTC
SYY,SYY,US,Sysco,Consumer Staples,NYSE,81.69,7.1,3.2,-6.5,False,39062738415,21.4,-11.1,2026-07-19 11:46 UTC
ALX.AX,ALX,ASX,Atlas Arteria,Industrials,ASX,5.09,7.1,9.6,-22.7,False,7385739587,28.5,-8.1,2026-07-19 11:46 UTC
PDN.AX,PDN,ASX,Paladin Energy,Energy,ASX,8.42,7.1,,-183.2,True,3783597948,,-44.2,2026-07-19 11:46 UTC
NAB.AX,NAB,ASX,National Australia Bank,Financials,ASX,39.85,7.3,,,False,121994195079,,-19.4,2026-07-19 11:46 UTC
SCHW,SCHW,US,Charles Schwab Corporation,Financials,NYSE,101.56,7.4,22.0,49.0,False,176626597845,20.0,-5.5,2026-07-19 11:46 UTC
CQR.AX,CQR,ASX,Charter Hall Retail REIT,Real Estate,ASX,3.89,7.4,-8.3,1143.0,False,2260983240,10.6,-9.7,2026-07-19 11:46 UTC
MCY.AX,MCY,ASX,Mercury NZ,Utilities,ASX,5.79,7.4,2.0,-99.7,False,8206705555,8206.7,-8.1,2026-07-19 11:46 UTC
EQR,EQR,US,Equity Residential,Real Estate,NYSE,69.0,7.4,3.8,8.1,False,25869528024,23.1,-3.5,2026-07-19 11:46 UTC
MFG.AX,MFG,ASX,Magellan Financial Group,Financials,ASX,9.7,7.4,-27.6,-30.9,False,2838296545,17.2,-17.8,2026-07-19 11:46 UTC
HII,HII,US,Huntington Ingalls Industries,Industrials,NYSE,269.13,7.5,8.2,10.0,False,10604806517,17.5,-41.5,2026-07-19 11:46 UTC
CNU.AX,CNU,ASX,Chorus,Communication Services,ASX,8.06,7.7,-5.9,144.4,False,3497131772,874.3,-10.0,2026-07-19 11:46 UTC
TXT,TXT,US,Textron,Industrials,NYSE,91.48,7.7,8.0,11.8,False,15907364566,17.3,-9.9,2026-07-19 11:46 UTC
DHR,DHR,US,Danaher Corporation,Health Care,NYSE,203.83,8.0,2.9,-7.3,False,144264888197,39.9,-16.1,2026-07-19 11:46 UTC
HDN.AX,HDN,ASX,HomeCo Daily Needs REIT,Real Estate,ASX,1.27,8.1,2.6,205.2,False,2653409898,10.6,-10.2,2026-07-19 11:46 UTC
TLC.AX,TLC,ASX,The Lottery Corporation,Consumer Discretionary,ASX,5.69,8.1,-6.3,-11.7,False,12664641117,34.7,-5.2,2026-07-19 11:46 UTC
LHX,LHX,US,L3Harris,Industrials,NYSE,282.01,8.2,2.5,6.9,False,52537040951,32.7,-25.6,2026-07-19 11:46 UTC
HAS,HAS,US,Hasbro,Consumer Discretionary,NASDAQ,81.55,8.3,13.7,-183.6,True,11538566364,,-23.8,2026-07-19 11:46 UTC
WEC,WEC,US,WEC Energy Group,Utilities,NYSE,113.35,8.7,14.0,2.0,False,36921005104,23.7,-5.5,2026-07-19 11:46 UTC
VMC,VMC,US,Vulcan Materials Company,Materials,NYSE,288.33,8.9,7.1,18.1,False,37412224250,34.7,-12.9,2026-07-19 11:46 UTC
CL,CL,US,Colgate-Palmolive,Consumer Staples,NYSE,92.98,9.1,1.4,-26.2,False,74401604730,34.9,-6.4,2026-07-19 11:46 UTC
VCX.AX,VCX,ASX,Vicinity Centres,Real Estate,ASX,2.62,9.1,0.4,83.6,False,12157680488,12.1,-2.4,2026-07-19 11:46 UTC
DUK,DUK,US,Duke Energy,Utilities,NYSE,125.01,9.3,6.2,9.8,False,97457324753,19.6,-7.0,2026-07-19 11:46 UTC
AMZN,AMZN,US,Amazon,Consumer Discretionary,NASDAQ,247.23,9.3,12.4,31.1,False,2659480119903,34.2,-11.2,2026-07-19 11:46 UTC
DRR.AX,DRR,ASX,Deterra Royalties,Materials,ASX,4.22,9.4,9.5,0.5,False,2234306344,14.4,-11.7,2026-07-19 11:46 UTC
SCG.AX,SCG,ASX,Scentre Group,Real Estate,ASX,3.93,9.4,1.8,69.4,False,20526300316,11.5,-8.0,2026-07-19 11:46 UTC
PFE,PFE,US,Pfizer,Health Care,NYSE,25.05,9.5,-1.6,-3.2,False,142771072085,18.4,-12.9,2026-07-19 11:46 UTC
MTD,MTD,US,Mettler Toledo,Health Care,NYSE,1310.02,9.6,4.0,0.7,False,26472361857,30.5,-14.1,2026-07-19 11:46 UTC
RGN.AX,RGN,ASX,Region Group,Real Estate,ASX,2.37,9.7,1.6,1128.3,False,2722519172,12.8,-5.2,2026-07-19 11:46 UTC
XYZ,XYZ,US,"Block, Inc.",Financials,NYSE,79.94,9.8,0.3,-54.9,False,47578770593,36.4,-4.9,2026-07-19 11:46 UTC
SJM,SJM,US,J.M. Smucker Company (The),Consumer Staples,NYSE,112.01,9.9,3.7,88.7,False,11971706315,,-6.2,2026-07-19 11:46 UTC
BALL,BALL,US,Ball Corporation,Materials,NYSE,62.71,10.0,11.6,-77.2,False,16696318461,18.3,-8.2,2026-07-19 11:46 UTC
TKO,TKO,US,TKO Group Holdings,Communication Services,NYSE,185.13,10.1,-3.1,1977.0,False,13878765669,71.0,-18.4,2026-07-19 11:46 UTC
CRH,CRH,US,CRH plc,Materials,NYSE,102.92,10.2,5.3,7.9,False,68771165007,18.4,-21.8,2026-07-19 11:46 UTC
CPAY,CPAY,US,Corpay,Financials,NYSE,365.79,10.2,13.9,6.6,False,23908736910,22.3,-2.2,2026-07-19 11:46 UTC
IDXX,IDXX,US,Idexx Laboratories,Health Care,NASDAQ,567.44,10.3,10.4,19.3,False,44761368010,42.2,-26.3,2026-07-19 11:46 UTC
MSCI,MSCI,US,MSCI Inc.,Financials,NYSE,628.66,10.3,9.7,8.4,False,45720926034,38.0,-2.5,2026-07-19 11:46 UTC
EXC,EXC,US,Exelon,Utilities,NASDAQ,46.26,10.4,5.3,12.5,False,47333606931,17.1,-8.7,2026-07-19 11:46 UTC
WFC,WFC,US,Wells Fargo,Financials,NYSE,87.51,10.9,1.7,8.2,False,267797189157,12.6,-10.5,2026-07-19 11:46 UTC
ITW,ITW,US,Illinois Tool Works,Industrials,NYSE,276.05,10.9,0.9,-12.1,False,79419581488,25.9,-8.9,2026-07-19 11:46 UTC
SOLV,SOLV,US,Solventum,Health Care,NYSE,81.31,11.0,0.9,224.8,False,14080835410,9.0,-7.8,2026-07-19 11:46 UTC
DOW,DOW,US,Dow Inc.,Materials,NYSE,29.92,11.1,-7.0,-335.0,True,21564583880,,-30.0,2026-07-19 11:46 UTC
MCHP,MCHP,US,Microchip Technology,Information Technology,NASDAQ,80.96,11.2,7.1,46100.0,False,43961957138,191.1,-23.6,2026-07-19 11:46 UTC
GRMN,GRMN,US,Garmin,Consumer Discretionary,NYSE,249.56,11.3,15.1,17.9,False,48129194299,28.9,-8.7,2026-07-19 11:46 UTC
DTE,DTE,US,DTE Energy,Utilities,NYSE,148.19,11.6,26.9,4.1,False,30827716211,21.1,-4.9,2026-07-19 11:46 UTC
PM,PM,US,Philip Morris International,Consumer Staples,NYSE,192.98,11.9,7.3,60.8,False,300770679442,26.5,-0.8,2026-07-19 11:46 UTC
LIN,LIN,US,Linde plc,Materials,NASDAQ,513.22,11.9,3.0,5.1,False,237285872893,34.4,-6.4,2026-07-19 11:46 UTC
TSN,TSN,US,Tyson Foods,Consumer Staples,NYSE,57.77,11.9,2.1,-40.8,False,20342515715,42.9,-16.9,2026-07-19 11:46 UTC
EW,EW,US,Edwards Lifesciences,Health Care,NYSE,85.73,12.1,11.5,-74.3,False,49363335933,46.0,-11.0,2026-07-19 11:46 UTC
NIC.AX,NIC,ASX,Nickel Industries,Materials,ASX,0.85,12.6,-5.5,66.2,False,3690645597,,-24.4,2026-07-19 11:46 UTC
LMT,LMT,US,Lockheed Martin,Industrials,NYSE,508.77,12.6,5.6,-6.0,False,117303844309,23.4,-26.5,2026-07-19 11:46 UTC
TDY,TDY,US,Teledyne Technologies,Information Technology,NYSE,635.52,12.7,7.9,9.2,False,29443094687,32.9,-8.3,2026-07-19 11:46 UTC
WBC.AX,WBC,ASX,Westpac,Financials,ASX,36.56,12.8,1.0,-2.8,False,124849017296,17.9,-15.6,2026-07-19 11:46 UTC
ORI.AX,ORI,ASX,Orica,Materials,ASX,22.95,12.9,5.9,-69.1,False,10638301325,65.5,-13.3,2026-07-19 11:46 UTC
HBAN,HBAN,US,Huntington Bancshares,Financials,NASDAQ,18.25,13.3,10.1,14.0,False,36995133213,16.7,-6.2,2026-07-19 11:46 UTC
RHC.AX,RHC,ASX,Ramsay Health Care,Healthcare,ASX,43.12,13.3,6.7,-97.3,False,9953381204,414.7,-3.6,2026-07-19 11:46 UTC
QCOM,QCOM,US,Qualcomm,Information Technology,NASDAQ,171.78,13.3,13.7,-45.4,False,181056118713,32.7,-33.9,2026-07-19 11:46 UTC
TCL.AX,TCL,ASX,Transurban,Industrials,ASX,14.69,13.4,-8.5,-59.2,False,45835498257,344.6,-6.0,2026-07-19 11:46 UTC
CYL.AX,CYL,ASX,Catalyst Metals,Materials,ASX,5.34,13.4,395.8,251.0,False,1393446383,59.1,-45.5,2026-07-19 11:46 UTC
VZ,VZ,US,Verizon,Communication Services,NYSE,43.59,14.0,2.5,-1.9,False,182012613524,10.6,-15.7,2026-07-19 11:46 UTC
WES.AX,WES,ASX,Wesfarmers,Consumer Discretionary,ASX,92.8,14.1,3.5,14.4,False,105354240623,36.0,-2.5,2026-07-19 11:46 UTC
WLE.AX,WLE,ASX,WAM Leaders,Financials,ASX,1.37,14.3,132.9,185.8,False,1890785181,29.6,-5.2,2026-07-19 11:46 UTC
DLTR,DLTR,US,Dollar Tree,Consumer Staples,NASDAQ,125.94,14.4,10.4,142.3,False,24202468082,18.9,-11.6,2026-07-19 11:46 UTC
ACGL,ACGL,US,Arch Capital Group,Financials,NASDAQ,101.35,14.7,14.0,2.0,False,35410634211,8.0,-3.6,2026-07-19 11:46 UTC
DHI,DHI,US,D. R. Horton,Consumer Discretionary,NYSE,149.39,14.7,-6.9,-24.6,False,42363958213,11.8,-19.1,2026-07-19 11:46 UTC
TEL,TEL,US,TE Connectivity,Information Technology,NYSE,203.31,14.8,8.9,-42.3,False,59345334182,32.2,-19.5,2026-07-19 11:46 UTC
ED,ED,US,Consolidated Edison,Utilities,NYSE,112.37,14.9,10.9,11.2,False,41411683963,20.5,-3.3,2026-07-19 11:46 UTC
HUBB,HUBB,US,Hubbell Incorporated,Industrials,NYSE,488.67,14.9,3.8,13.9,False,25822191876,29.1,-13.6,2026-07-19 11:46 UTC
TAH.AX,TAH,ASX,Tabcorp,Consumer Discretionary,ASX,0.88,14.9,11.8,102.7,False,2006063701,54.8,-26.5,2026-07-19 11:46 UTC
CHC.AX,CHC,ASX,Charter Hall,Real Estate,ASX,22.35,15.0,-11.1,247.5,False,10568375050,32.3,-13.9,2026-07-19 11:46 UTC
QBE.AX,QBE,ASX,QBE Insurance,Financials,ASX,24.99,15.0,4.1,21.2,False,37335671113,17.3,-3.3,2026-07-19 11:46 UTC
DOV,DOV,US,Dover Corporation,Industrials,NYSE,214.18,15.0,4.5,-59.4,False,28841780664,26.4,-9.8,2026-07-19 11:46 UTC
CBOE,CBOE,US,Cboe Global Markets,Financials,BTS,273.41,15.1,15.1,43.8,False,28613391467,26.0,-26.3,2026-07-19 11:46 UTC
SOL.AX,SOL,ASX,Soul Patts,Financials,ASX,46.15,15.1,4.1,-27.0,False,17533293904,48.1,-1.4,2026-07-19 11:46 UTC
BDX,BDX,US,Becton Dickinson,Health Care,NYSE,158.17,15.3,8.2,-1.6,False,43582228834,26.0,-15.6,2026-07-19 11:46 UTC
XEL,XEL,US,Xcel Energy,Utilities,NASDAQ,78.77,15.4,9.1,4.2,False,49173711146,24.4,-6.5,2026-07-19 11:46 UTC
SBUX,SBUX,US,Starbucks,Consumer Discretionary,NASDAQ,105.49,15.4,2.8,-50.6,False,120226950565,64.8,-3.4,2026-07-19 11:46 UTC
NI,NI,US,NiSource,Utilities,NYSE,45.98,15.4,21.8,22.2,False,22044616266,23.7,-6.6,2026-07-19 11:46 UTC
TSLA,TSLA,US,"Tesla, Inc.",Consumer Discretionary,NASDAQ,380.84,15.5,-2.9,-46.8,False,1430329865278,377.0,-23.7,2026-07-19 11:46 UTC
ATO,ATO,US,Atmos Energy,Utilities,NYSE,177.68,16.0,12.9,14.9,False,29658312750,24.7,-7.7,2026-07-19 11:46 UTC
AES,AES,US,AES Corporation,Utilities,NYSE,14.77,16.2,-0.4,-45.8,False,10533339747,11.6,-16.3,2026-07-19 11:46 UTC
AEE,AEE,US,Ameren,Utilities,NYSE,111.55,16.2,15.4,23.2,False,30871643609,21.2,-5.7,2026-07-19 11:46 UTC
HIG,HIG,US,Hartford (The),Financials,NYSE,140.26,16.2,6.4,23.3,False,38449587307,10.0,-2.9,2026-07-19 11:46 UTC
BWP.AX,BWP,ASX,BWP Trust,Real Estate,ASX,3.92,16.3,16.7,47.4,False,3077738076,11.6,-4.9,2026-07-19 11:46 UTC
A,A,US,Agilent Technologies,Health Care,NYSE,131.46,16.3,6.7,1.1,False,37128505254,28.5,-18.0,2026-07-19 11:46 UTC
EG,EG,US,Everest Group,Financials,NYSE,382.57,16.3,0.8,15.9,False,15138908067,9.5,-0.8,2026-07-19 11:46 UTC
DG,DG,US,Dollar General,Consumer Staples,NYSE,125.75,16.5,5.2,34.4,False,27738770860,18.3,-20.5,2026-07-19 11:46 UTC
APP,APP,US,AppLovin,Information Technology,NASDAQ,424.54,16.5,70.0,111.0,False,142619767116,42.8,-43.1,2026-07-19 11:46 UTC
PSA,PSA,US,Public Storage,Real Estate,NYSE,318.04,16.6,2.7,-13.9,False,55841355295,31.3,-4.1,2026-07-19 11:46 UTC
AXP,AXP,US,American Express,Financials,NYSE,355.35,16.6,9.5,7.0,False,242464705685,22.4,-8.3,2026-07-19 11:46 UTC
FBU.AX,FBU,ASX,Fletcher Building,Industrials,ASX,3.16,16.6,-9.0,-84.6,False,3396675788,,-8.1,2026-07-19 11:46 UTC
TROW,TROW,US,T. Rowe Price,Financials,NASDAQ,117.35,16.8,3.1,-0.6,False,25144185887,12.0,-3.2,2026-07-19 11:46 UTC
PHM,PHM,US,PulteGroup,Consumer Discretionary,NYSE,126.08,17.0,-3.5,-28.0,False,24016519735,10.8,-12.7,2026-07-19 11:46 UTC
FRW.AX,FRW,ASX,Freightways Group,Industrials,ASX,11.56,17.0,6.6,12.9,False,2069180691,25.9,-7.7,2026-07-19 11:46 UTC
APE.AX,APE,ASX,Eagers Automotive,Consumer Discretionary,ASX,22.2,17.0,16.5,10.5,False,6268455219,27.7,-37.7,2026-07-19 11:46 UTC
COL.AX,COL,ASX,Coles Group,Consumer Staples,ASX,23.21,17.3,1.8,-3.5,False,31174358500,28.9,-5.6,2026-07-19 11:46 UTC
LH,LH,US,Labcorp,Health Care,NYSE,283.36,17.5,7.2,17.5,False,23235518799,26.5,-3.5,2026-07-19 11:46 UTC
NVDA,NVDA,US,Nvidia,Information Technology,NASDAQ,202.81,17.8,65.5,64.7,False,4912260950867,40.9,-14.3,2026-07-19 11:46 UTC
HLT,HLT,US,Hilton Worldwide,Consumer Discretionary,NYSE,321.32,18.1,7.7,-5.1,False,73147976558,50.2,-10.2,2026-07-19 11:46 UTC
RVTY,RVTY,US,Revvity,Health Care,NYSE,110.15,18.4,3.7,-10.8,False,12288309166,50.9,-6.9,2026-07-19 11:46 UTC
CNP,CNP,US,CenterPoint Energy,Utilities,NYSE,43.13,18.4,8.3,3.2,False,28214330371,26.8,-4.6,2026-07-19 11:46 UTC
OKE,OKE,US,Oneok,Energy,NYSE,93.52,18.5,55.0,11.8,False,58920670204,17.4,-2.7,2026-07-19 11:46 UTC
FMG.AX,FMG,ASX,Fortescue,Materials,ASX,18.87,18.7,-14.8,-40.6,False,58100070606,17.2,-19.3,2026-07-19 11:46 UTC
MQG.AX,MQG,ASX,Macquarie Group,Financials,ASX,258.41,18.8,6.3,30.5,False,98489979216,20.3,-0.8,2026-07-19 11:46 UTC
NXG.AX,NXG,ASX,Nexgen Energy,Energy,ASX,12.56,18.9,,-299.3,False,8313582606,,-38.6,2026-07-19 11:46 UTC
MCK,MCK,US,McKesson Corporation,Health Care,NYSE,841.39,19.0,12.4,44.5,False,98508045581,20.7,-15.8,2026-07-19 11:46 UTC
RMS.AX,RMS,ASX,Ramelius Resources,Materials,ASX,2.87,19.2,39.8,251.8,False,5422717188,25.0,-44.4,2026-07-19 11:46 UTC
VNT.AX,VNT,ASX,Ventia Services Group,Industrials,ASX,5.96,19.2,0.6,23.6,False,4874233270,17.9,-12.5,2026-07-19 11:46 UTC
JPM,JPM,US,JPMorgan Chase,Financials,NYSE,341.1,19.3,7.3,-2.4,False,906712036224,15.9,-2.9,2026-07-19 11:46 UTC
ES,ES,US,Eversource Energy,Utilities,NYSE,74.62,19.3,13.8,108.5,False,28063092498,16.6,-2.3,2026-07-19 11:46 UTC
PKG,PKG,US,Packaging Corporation of America,Materials,NYSE,233.07,19.5,7.2,-3.9,False,20766222309,26.8,-6.6,2026-07-19 11:46 UTC
OMC,OMC,US,Omnicom Group,Communication Services,NYSE,81.73,19.6,10.1,-103.7,True,23293557356,,-6.2,2026-07-19 11:46 UTC
DOW.AX,DOW,ASX,Downer Group,Industrials,ASX,7.93,19.7,-4.5,97.8,False,5225954635,38.2,-8.4,2026-07-19 11:46 UTC
LYV,LYV,US,Live Nation Entertainment,Communication Services,NYSE,180.22,19.8,8.8,-44.7,False,41939500920,84.6,-4.1,2026-07-19 11:46 UTC
NXPI,NXPI,US,NXP Semiconductors,Information Technology,NASDAQ,266.53,20.1,-2.7,-19.5,False,67291116378,33.3,-21.6,2026-07-19 11:46 UTC
KO,KO,US,Coca-Cola Company (The),Consumer Staples,NYSE,81.56,20.1,1.9,23.3,False,350910455508,26.8,-4.8,2026-07-19 11:46 UTC
NEE,NEE,US,NextEra Energy,Utilities,NYSE,88.8,20.3,10.7,-1.6,False,185201762155,27.1,-10.1,2026-07-19 11:46 UTC
LNT,LNT,US,Alliant Energy,Utilities,NASDAQ,74.82,20.3,9.6,17.4,False,19324287830,23.9,-5.1,2026-07-19 11:46 UTC
BGA.AX,BGA,ASX,Bega Cheese,Consumer Staples,ASX,6.1,20.4,0.5,-127.9,True,1863994734,,-9.2,2026-07-19 11:46 UTC
NST.AX,NST,ASX,Northern Star Resources,Materials,ASX,19.24,20.5,30.4,109.8,False,27413249067,20.5,-39.8,2026-07-19 11:46 UTC
FSLR,FSLR,US,First Solar,Information Technology,NASDAQ,211.99,20.6,24.1,18.3,False,22779039013,14.9,-33.9,2026-07-19 11:46 UTC
KMI,KMI,US,Kinder Morgan,Energy,NYSE,32.3,20.7,12.2,17.0,False,71861870254,23.5,-7.2,2026-07-19 11:46 UTC
CTVA,CTVA,US,Corteva,Materials,NYSE,87.3,20.7,2.9,20.6,False,58387988041,53.4,-1.0,2026-07-19 11:46 UTC
MFF.AX,MFF,ASX,MFF Capital Investments,Financials,ASX,5.17,20.8,-5.2,-3.4,False,3046091768,7.1,-3.9,2026-07-19 11:46 UTC
DE,DE,US,Deere & Company,Industrials,NYSE,597.24,21.0,-11.6,-29.2,False,161217425071,32.1,-11.4,2026-07-19 11:46 UTC
PNW,PNW,US,Pinnacle West Capital,Utilities,NYSE,107.73,21.1,4.2,1.3,False,13055493800,21.2,-3.1,2026-07-19 11:46 UTC
WMT,WMT,US,Walmart,Consumer Staples,NASDAQ,114.24,21.2,4.7,12.6,False,909130945667,41.5,-15.5,2026-07-19 11:46 UTC
SRE,SRE,US,Sempra,Utilities,NYSE,92.25,21.3,3.9,-35.8,False,60304507742,32.8,-8.7,2026-07-19 11:46 UTC
PRU,PRU,US,Prudential Financial,Financials,NYSE,119.07,21.6,-13.7,31.1,False,41356000384,11.6,-1.2,2026-07-19 11:46 UTC
WAF.AX,WAF,ASX,West African Resources,Materials,ASX,2.7,21.6,111.7,111.7,False,3088133176,6.5,-32.0,2026-07-19 11:46 UTC
MAS,MAS,US,Masco,Industrials,NYSE,78.65,22.2,-3.4,-1.5,False,16013697546,19.8,-5.5,2026-07-19 11:46 UTC
WHC.AX,WHC,ASX,Whitehaven Coal,Energy,ASX,7.43,22.5,52.5,82.8,False,6109865463,9.4,-24.9,2026-07-19 11:46 UTC
CINF,CINF,US,Cincinnati Financial,Financials,NASDAQ,180.79,22.6,11.4,4.4,False,27965815048,11.7,-7.2,2026-07-19 11:46 UTC
FTV,FTV,US,Fortive,Industrials,NYSE,61.78,22.8,1.9,-30.5,False,18834313505,32.5,-4.0,2026-07-19 11:46 UTC
O,O,US,Realty Income,Real Estate,NYSE,65.71,22.8,9.1,23.0,False,61274083293,57.9,-3.3,2026-07-19 11:46 UTC
ILU.AX,ILU,ASX,Iluka Resources,Materials,ASX,6.11,22.9,-13.2,-224.7,True,2634601508,,-35.5,2026-07-19 11:46 UTC
REG,REG,US,Regency Centers,Real Estate,NASDAQ,82.68,23.2,6.9,31.7,False,15138442653,28.7,-1.2,2026-07-19 11:46 UTC
ANZ.AX,ANZ,ASX,Australia & New Zealand Banking Group,Financials,ASX,36.06,23.8,9.6,-9.9,False,108577757907,18.4,-12.0,2026-07-19 11:46 UTC
FE,FE,US,FirstEnergy,Utilities,NYSE,48.53,23.8,12.0,4.3,False,28071264217,27.5,-7.3,2026-07-19 11:46 UTC
MGM,MGM,US,MGM Resorts,Consumer Discretionary,NYSE,46.13,24.0,1.7,-72.4,False,11802417744,57.3,-10.6,2026-07-19 11:46 UTC
TFC,TFC,US,Truist Financial,Financials,NYSE,52.5,24.0,53.0,10.1,False,64135365000,12.1,-6.6,2026-07-19 11:46 UTC
L,L,US,Loews Corporation,Financials,NYSE,114.45,24.2,5.4,17.9,False,23550246887,14.1,-3.9,2026-07-19 11:46 UTC
WAB,WAB,US,Wabtec,Industrials,NYSE,262.08,24.3,7.5,10.8,False,44469036561,38.0,-8.0,2026-07-19 11:46 UTC
IFT.AX,IFT,ASX,Infratil,Financials,ASX,12.85,24.5,-10.4,292.0,False,12841165621,23.4,-3.7,2026-07-19 11:46 UTC
IEX,IEX,US,IDEX Corporation,Industrials,NYSE,224.94,24.5,5.8,-4.3,False,16648945978,34.5,-2.9,2026-07-19 11:46 UTC
REH.AX,REH,ASX,Reece Group,Industrials,ASX,16.31,25.0,-1.4,-24.4,False,10032149490,31.7,-6.5,2026-07-19 11:46 UTC
UAL,UAL,US,United Airlines Holdings,Industrials,NASDAQ,115.41,25.1,3.5,6.5,False,37458593497,11.2,-16.8,2026-07-19 11:46 UTC
AFL,AFL,US,Aflac,Financials,NYSE,124.72,25.1,-9.3,-33.0,False,63480597848,17.4,-1.0,2026-07-19 11:46 UTC
NSC,NSC,US,Norfolk Southern,Industrials,NYSE,340.16,25.2,0.5,9.6,False,76397896203,26.6,-0.7,2026-07-19 11:46 UTC
SNA,SNA,US,Snap-on,Industrials,NYSE,410.99,25.4,0.9,-2.6,False,21290068951,20.9,-2.1,2026-07-19 11:46 UTC
ALQ.AX,ALQ,ASX,ALS,Industrials,ASX,21.96,25.4,10.7,24.4,False,11145633999,35.0,-16.1,2026-07-19 11:46 UTC
REGN,REGN,US,Regeneron Pharmaceuticals,Health Care,NASDAQ,676.69,25.4,1.0,2.1,False,70943524820,15.7,-17.6,2026-07-19 11:46 UTC
GD,GD,US,General Dynamics,Industrials,NYSE,368.58,25.5,10.1,11.3,False,99675154693,23.7,-3.2,2026-07-19 11:46 UTC
MET,MET,US,MetLife,Financials,NYSE,94.0,25.5,7.9,-23.7,False,60483057226,17.9,-0.9,2026-07-19 11:46 UTC
CMM.AX,CMM,ASX,Capricorn Metals,Materials,ASX,11.75,25.7,12.2,1880.9,False,5367256521,61.6,-28.7,2026-07-19 11:46 UTC
TPL,TPL,US,Texas Pacific Land Corporation,Energy,NYSE,415.7,25.9,13.1,6.0,False,28672670977,59.6,-24.0,2026-07-19 11:46 UTC
KIM,KIM,US,Kimco Realty,Real Estate,NYSE,26.12,26.2,5.1,42.3,False,17615061933,30.1,-1.2,2026-07-19 11:46 UTC
RF,RF,US,Regions Financial Corporation,Financials,NYSE,31.65,26.6,6.3,13.9,False,27009462052,12.5,-2.5,2026-07-19 11:46 UTC
UPS,UPS,US,United Parcel Service,Industrials,NYSE,117.72,26.8,-2.6,-3.6,False,100062740201,18.0,-3.8,2026-07-19 11:46 UTC
AEP,AEP,US,American Electric Power,Utilities,NASDAQ,132.14,26.9,10.9,20.7,False,71898038596,20.1,-6.0,2026-07-19 11:46 UTC
PRN.AX,PRN,ASX,Perenti,Materials,ASX,2.09,27.0,4.4,26.3,False,1953732706,16.2,-33.0,2026-07-19 11:46 UTC
HSIC,HSIC,US,Henry Schein,Health Care,NASDAQ,87.82,27.1,4.0,2.1,False,10004169565,25.1,-1.7,2026-07-19 11:46 UTC
GILD,GILD,US,Gilead Sciences,Health Care,NASDAQ,134.28,27.3,2.4,1672.9,False,166718001165,19.6,-14.6,2026-07-19 11:46 UTC
WMB,WMB,US,Williams Companies,Energy,NYSE,73.38,27.6,13.8,17.7,False,89743609327,34.3,-8.4,2026-07-19 11:46 UTC
D,D,US,Dominion Energy,Utilities,NYSE,71.04,27.7,14.2,47.4,False,62480567669,20.8,-2.7,2026-07-19 11:46 UTC
AMGN,AMGN,US,Amgen,Health Care,NASDAQ,366.29,28.0,10.0,88.5,False,197689748295,25.6,-6.4,2026-07-19 11:46 UTC
TJX,TJX,US,TJX Companies,Consumer Discretionary,NYSE,154.46,28.0,7.1,13.0,False,170632656146,31.1,-9.1,2026-07-19 11:46 UTC
WAT,WAT,US,Waters Corporation,Health Care,NYSE,368.98,28.3,7.0,0.8,False,36228617857,56.4,-10.9,2026-07-19 11:46 UTC
DGX,DGX,US,Quest Diagnostics,Health Care,NYSE,210.68,28.4,11.8,13.9,False,23321522851,23.5,-3.9,2026-07-19 11:46 UTC
IQV,IQV,US,IQVIA,Health Care,NYSE,206.26,28.4,5.9,-0.9,False,34424793083,25.3,-16.5,2026-07-19 11:46 UTC
OXY,OXY,US,Occidental Petroleum,Energy,NYSE,54.86,28.4,-1.9,-23.9,False,54565660304,23.5,-18.7,2026-07-19 11:46 UTC
IRM,IRM,US,Iron Mountain,Real Estate,NYSE,123.82,28.5,12.2,-19.7,False,36839505911,254.8,-8.1,2026-07-19 11:46 UTC
EVRG,EVRG,US,Evergy,Utilities,NASDAQ,85.59,28.7,2.0,-2.0,False,19729608966,23.1,-3.4,2026-07-19 11:46 UTC
TMO,TMO,US,Thermo Fisher Scientific,Health Care,NYSE,532.48,28.9,3.9,5.8,False,197880990425,29.5,-17.3,2026-07-19 11:46 UTC
CB,CB,US,Chubb Limited,Financials,NYSE,352.16,29.2,6.7,11.2,False,136588816349,13.2,-3.6,2026-07-19 11:46 UTC
COP,COP,US,ConocoPhillips,Energy,NYSE,114.71,29.3,7.7,-13.6,False,139750504428,17.5,-15.6,2026-07-19 11:46 UTC
JCI,JCI,US,Johnson Controls,Industrials,NYSE,140.46,29.7,2.8,93.0,False,85696841694,26.0,-7.1,2026-07-19 11:46 UTC
RTX,RTX,US,RTX Corporation,Industrials,NYSE,193.51,29.8,9.7,41.0,False,260596702755,38.7,-9.8,2026-07-19 11:46 UTC
WOW.AX,WOW,ASX,Woolworths Group,Consumer Staples,ASX,39.2,30.1,1.7,791.7,False,47886689298,49.7,-3.8,2026-07-19 11:46 UTC
CVX,CVX,US,Chevron Corporation,Energy,NYSE,187.38,30.1,-4.6,-30.4,False,373185592747,30.3,-12.7,2026-07-19 11:46 UTC
PCG,PCG,US,PG&E Corporation,Utilities,NYSE,17.32,30.1,2.1,7.6,False,38142531617,14.1,-9.6,2026-07-19 11:46 UTC
URI,URI,US,United Rentals,Industrials,NYSE,1045.21,30.4,4.9,-3.1,False,65478805395,26.3,-8.6,2026-07-19 11:46 UTC
BGL.AX,BGL,ASX,Bellevue Gold,Materials,ASX,1.2,30.6,69.5,-160.8,True,1781333542,,-40.2,2026-07-19 11:46 UTC
QUB.AX,QUB,ASX,Qube Holdings,Industrials,ASX,5.11,30.7,27.1,-76.9,False,9116711508,177.7,-0.4,2026-07-19 11:46 UTC
MTB,MTB,US,M&T Bank,Financials,NYSE,249.24,30.8,4.3,10.2,False,36123101716,12.7,-2.3,2026-07-19 11:46 UTC
DOC,DOC,US,Healthpeak Properties,Real Estate,NYSE,22.51,30.9,4.5,-70.7,False,15518837650,217.5,-0.5,2026-07-19 11:46 UTC
RRL.AX,RRL,ASX,Regis Resources,Materials,ASX,5.64,31.2,30.5,236.7,False,4271668958,16.8,-43.6,2026-07-19 11:46 UTC
APA.AX,APA,ASX,APA Group,Utilities,ASX,10.29,31.4,5.0,-89.9,False,13621401989,137.6,-7.3,2026-07-19 11:46 UTC
ALL,ALL,US,Allstate,Financials,NYSE,249.9,31.4,5.6,120.3,False,64329488836,6.3,-3.0,2026-07-19 11:46 UTC
ROK,ROK,US,Rockwell Automation,Industrials,NYSE,461.85,31.6,0.9,-8.8,False,51391875872,59.1,-7.1,2026-07-19 11:46 UTC
FCX,FCX,US,Freeport-McMoRan,Materials,NYSE,58.38,31.7,1.8,16.7,False,83924746454,38.1,-19.2,2026-07-19 11:46 UTC
SMR.AX,SMR,ASX,Stanmore Resources,Materials,ASX,2.69,31.7,-21.5,-124.6,True,2457658616,,-13.8,2026-07-19 11:46 UTC
AVGO,AVGO,US,Broadcom,Information Technology,NASDAQ,370.83,31.8,23.9,292.3,False,1764253400941,76.3,-25.1,2026-07-19 11:46 UTC
EME,EME,US,Emcor,Industrials,NYSE,744.16,31.8,16.6,26.4,False,33139353863,26.0,-21.8,2026-07-19 11:46 UTC
PNC,PNC,US,PNC Financial Services,Financials,NYSE,252.86,31.9,10.9,17.8,False,100891140244,14.5,-1.4,2026-07-19 11:46 UTC
BAC,BAC,US,Bank of America,Financials,NYSE,61.27,32.3,6.8,13.1,False,429990869487,14.1,-1.4,2026-07-19 11:46 UTC
DNL.AX,DNL,ASX,Dyno Nobel,Materials,ASX,3.64,32.5,-29.7,82.9,False,6380194372,,-9.2,2026-07-19 11:46 UTC
DBI.AX,DBI,ASX,Dalrymple Bay Infrastructure,Industrials,ASX,5.58,32.6,-2.9,-64.2,False,2766350064,94.6,-7.2,2026-07-19 11:46 UTC
KEY,KEY,US,KeyCorp,Financials,NYSE,23.55,32.7,65.7,1236.0,False,25419130743,13.9,-2.2,2026-07-19 11:46 UTC
RL,RL,US,Ralph Lauren Corporation,Consumer Discretionary,NYSE,380.45,32.8,14.6,26.7,False,22642994562,24.1,-9.8,2026-07-19 11:46 UTC
PRU.AX,PRU,ASX,Perseus Mining,Materials,ASX,4.65,32.9,21.7,14.4,False,6171161569,16.6,-29.5,2026-07-19 11:46 UTC
PH,PH,US,Parker Hannifin,Industrials,NYSE,953.21,33.1,-0.4,24.2,False,120186809629,34.0,-7.9,2026-07-19 11:46 UTC
GE,GE,US,GE Aerospace,Industrials,NYSE,348.83,33.2,18.5,32.8,False,361932917478,41.6,-8.9,2026-07-19 11:46 UTC
BBY,BBY,US,Best Buy,Consumer Discretionary,NYSE,85.41,33.5,0.4,15.3,False,18001621004,16.8,-2.2,2026-07-19 11:46 UTC
AME,AME,US,Ametek,Industrials,NYSE,237.0,33.6,6.6,7.6,False,54321111474,36.7,-3.2,2026-07-19 11:46 UTC
WDS.AX,WDS,ASX,Woodside Energy Group,Energy,ASX,30.46,33.7,-1.5,-23.9,False,57907508646,21.3,-15.0,2026-07-19 11:46 UTC
F,F,US,Ford Motor Company,Consumer Discretionary,NYSE,14.23,33.8,1.2,-239.2,True,56702174301,,-20.0,2026-07-19 11:46 UTC
CF,CF,US,CF Industries,Materials,NYSE,121.42,33.9,19.3,19.5,False,18653666168,12.8,-14.5,2026-07-19 11:46 UTC
EQIX,EQIX,US,Equinix,Real Estate,NASDAQ,1020.0,34.1,5.4,65.6,False,100596732960,74.5,-9.6,2026-07-19 11:46 UTC
LUV,LUV,US,Southwest Airlines,Industrials,NYSE,48.08,34.2,2.1,-5.2,False,23500241016,53.3,-12.8,2026-07-19 11:46 UTC
IMD.AX,IMD,ASX,IMDEX,Materials,ASX,3.61,34.2,-3.1,70.3,False,1847748920,33.5,-21.4,2026-07-19 11:46 UTC
CGF.AX,CGF,ASX,Challenger,Financials,ASX,10.67,34.4,16.0,48.0,False,7272510956,37.8,-1.7,2026-07-19 11:46 UTC
ETR,ETR,US,Entergy,Utilities,NYSE,113.24,34.4,9.0,67.1,False,52837226995,29.8,-4.4,2026-07-19 11:46 UTC
BMY,BMY,US,Bristol Myers Squibb,Health Care,NYSE,60.74,34.4,-0.2,178.8,False,124035410970,17.6,-3.4,2026-07-19 11:46 UTC
SWK,SWK,US,Stanley Black & Decker,Industrials,NYSE,90.17,34.5,-1.5,36.6,False,14017427921,34.9,-5.2,2026-07-19 11:46 UTC
NHC.AX,NHC,ASX,New Hope,Energy,ASX,5.23,34.5,-0.8,-7.7,False,4412933089,10.0,-15.2,2026-07-19 11:46 UTC
JBL,JBL,US,Jabil,Information Technology,NYSE,301.01,34.6,3.2,-52.7,False,31541962683,48.0,-29.8,2026-07-19 11:46 UTC
TXN,TXN,US,Texas Instruments,Information Technology,NASDAQ,284.02,34.8,13.0,4.2,False,258484544501,51.7,-15.0,2026-07-19 11:46 UTC
NDSN,NDSN,US,Nordson Corporation,Industrials,NASDAQ,288.98,34.9,3.8,3.7,False,16101373225,33.2,-6.1,2026-07-19 11:46 UTC
FFIV,FFIV,US,"F5, Inc.",Information Technology,NASDAQ,409.1,35.4,9.7,22.2,False,23081114292,33.3,-6.0,2026-07-19 11:46 UTC
MAR,MAR,US,Marriott International,Consumer Discretionary,NASDAQ,366.24,35.5,4.3,9.5,False,96573318712,37.1,-10.9,2026-07-19 11:46 UTC
AMP.AX,AMP,ASX,AMP,Financials,ASX,2.02,35.6,1.5,-11.3,False,4914240074,36.9,0.0,2026-07-19 11:46 UTC
EMR.AX,EMR,ASX,Emerald Resources,Materials,ASX,4.97,35.8,17.6,8.6,False,3290973171,37.6,-38.7,2026-07-19 11:46 UTC
WSM,WSM,US,"Williams-Sonoma, Inc.",Consumer Discretionary,NYSE,228.41,35.9,1.2,-3.3,False,26894503850,24.7,-6.6,2026-07-19 11:46 UTC
MSB.AX,MSB,ASX,Mesoblast,Healthcare,ASX,2.44,36.3,191.4,-16.1,False,3159984384,,-26.3,2026-07-19 11:46 UTC
MO,MO,US,Altria,Consumer Staples,NYSE,74.21,36.6,-1.5,-38.3,False,123922627021,17.8,-1.4,2026-07-19 11:46 UTC
GWW,GWW,US,W. W. Grainger,Industrials,NYSE,1395.01,36.8,4.5,-10.6,False,65862773597,38.6,-1.8,2026-07-19 11:46 UTC
DVN,DVN,US,Devon Energy,Energy,NYSE,43.83,36.9,7.8,-8.6,False,50553660292,19.1,-16.8,2026-07-19 11:46 UTC
UNP,UNP,US,Union Pacific Corporation,Industrials,NYSE,301.75,37.2,1.1,5.8,False,179152962023,25.1,-0.5,2026-07-19 11:46 UTC
ELV,ELV,US,Elevance Health,Health Care,NYSE,373.11,37.5,12.6,-5.3,False,80916097615,14.3,-14.5,2026-07-19 11:46 UTC
IGO.AX,IGO,ASX,IGO,Materials,ASX,6.65,37.7,-37.7,-34192.9,True,5035831029,,-33.8,2026-07-19 11:46 UTC
RSG.AX,RSG,ASX,Resolute Mining,Materials,ASX,0.89,37.7,8.1,555.2,False,1912988724,14.9,-46.9,2026-07-19 11:46 UTC
PCAR,PCAR,US,Paccar,Industrials,NASDAQ,126.2,38.1,-15.5,-42.9,False,66417320494,28.0,-4.3,2026-07-19 11:46 UTC
TPR,TPR,US,"Tapestry, Inc.",Consumer Discretionary,NYSE,141.46,38.5,5.1,-77.5,False,28581246599,156.0,-12.7,2026-07-19 11:46 UTC
ABBV,ABBV,US,AbbVie,Health Care,NYSE,254.49,38.6,8.6,-1.2,False,449631114722,106.4,-2.7,2026-07-19 11:46 UTC
PDI.AX,PDI,ASX,Predictive Discovery,Materials,ASX,0.61,38.6,,22.8,False,3013926736,,-41.6,2026-07-19 11:46 UTC
FRT,FRT,US,Federal Realty Investment Trust,Real Estate,NYSE,126.02,38.9,6.4,39.2,False,10886766316,26.5,-0.7,2026-07-19 11:46 UTC
AZJ.AX,AZJ,ASX,Aurizon,Industrials,ASX,4.26,39.2,3.0,-25.4,False,7170889411,23.7,-3.6,2026-07-19 11:46 UTC
FITB,FITB,US,Fifth Third Bancorp,Financials,NYSE,58.01,39.4,6.6,9.0,False,52590298208,20.9,-2.5,2026-07-19 11:46 UTC
TECH,TECH,US,Bio-Techne,Health Care,NASDAQ,72.12,39.5,5.2,-56.3,False,11237064650,153.1,-0.1,2026-07-19 11:46 UTC
EA,EA,US,Electronic Arts,Communication Services,NASDAQ,208.9,39.7,0.9,-20.9,False,52381983477,59.1,-0.1,2026-07-19 11:46 UTC
BEN,BEN,US,Franklin Resources,Financials,NYSE,32.63,39.7,3.5,12.9,False,16955761151,32.3,-6.6,2026-07-19 11:46 UTC
GNRC,GNRC,US,Generac,Industrials,NYSE,214.91,40.4,-2.0,-50.9,False,12651468449,79.3,-27.5,2026-07-19 11:46 UTC
S32.AX,S32,ASX,South32,Materials,ASX,3.9,40.6,17.4,204.9,False,17477182513,82.1,-21.2,2026-07-19 11:46 UTC
GMD.AX,GMD,ASX,Genesis Minerals,Materials,ASX,5.56,40.8,109.8,163.3,False,6351344688,28.7,-34.0,2026-07-19 11:46 UTC
BSL.AX,BSL,ASX,BlueScope,Materials,ASX,31.71,40.8,-4.4,-89.6,False,13891434936,165.8,-7.1,2026-07-19 11:46 UTC
TGT,TGT,US,Target Corporation,Consumer Staples,NYSE,139.6,40.8,-1.7,-9.4,False,63405082007,17.1,-3.3,2026-07-19 11:46 UTC
TRV,TRV,US,Travelers Companies (The),Financials,NYSE,368.98,40.9,5.2,25.8,False,78461641159,12.5,-0.4,2026-07-19 11:46 UTC
XOM,XOM,US,ExxonMobil,Energy,NYSE,147.36,41.1,-4.5,-14.4,False,610799416322,21.2,-16.5,2026-07-19 11:46 UTC
C,C,US,Citigroup,Financials,NYSE,129.36,41.6,5.6,12.8,False,216988465024,15.2,-12.6,2026-07-19 11:46 UTC
FANG,FANG,US,Diamondback Energy,Energy,NASDAQ,195.54,41.9,35.4,-50.1,False,55008000207,33.1,-8.8,2026-07-19 11:46 UTC
IBKR,IBKR,US,Interactive Brokers,Financials,NASDAQ,90.53,42.0,9.7,30.3,False,40329735141,41.0,-7.5,2026-07-19 11:46 UTC
HWM,HWM,US,Howmet Aerospace,Industrials,NYSE,272.43,43.3,11.1,30.6,False,109001278663,72.3,-6.3,2026-07-19 11:46 UTC
Q,Q,US,Qnity Electronics,Information Technology,NYSE,136.35,43.3,9.7,-0.1,False,28543402152,41.2,-23.1,2026-07-19 11:46 UTC
ALD.AX,ALD,ASX,Ampol,Energy,ASX,37.55,43.3,-10.1,-32.7,False,8948243636,108.6,-1.1,2026-07-19 11:46 UTC
BKR,BKR,US,Baker Hughes,Energy,NASDAQ,55.95,43.3,-0.3,-13.1,False,55506244354,21.4,-20.5,2026-07-19 11:46 UTC
USB,USB,US,U.S. Bancorp,Financials,NYSE,63.14,43.7,4.4,20.2,False,98355180355,13.0,-2.6,2026-07-19 11:46 UTC
ON,ON,US,ON Semiconductor,Information Technology,NASDAQ,87.37,43.9,-15.3,-92.3,False,34003147116,281.0,-35.2,2026-07-19 11:46 UTC
GM,GM,US,General Motors,Consumer Discretionary,NYSE,76.07,44.2,-1.3,-55.1,False,68589671108,25.4,-13.2,2026-07-19 11:46 UTC
EVN.AX,EVN,ASX,Evolution Mining,Materials,ASX,10.53,44.4,,,False,21387382865,,-40.7,2026-07-19 11:46 UTC
CAH,CAH,US,Cardinal Health,Health Care,NYSE,228.52,44.7,-1.9,83.2,False,53520722985,34.3,-6.0,2026-07-19 11:46 UTC
PLD,PLD,US,Prologis,Real Estate,NYSE,149.79,44.8,7.2,-10.8,False,139654902760,42.0,-2.3,2026-07-19 11:46 UTC
SLB,SLB,US,Schlumberger,Energy,NYSE,46.99,44.9,-1.6,-24.4,False,70252762000,20.8,-20.1,2026-07-19 11:46 UTC
CRL,CRL,US,Charles River Laboratories,Health Care,NYSE,224.35,45.2,-0.9,-1501.7,True,10806430519,,-5.7,2026-07-19 11:46 UTC
ODFL,ODFL,US,Old Dominion,Industrials,NASDAQ,233.84,45.2,-5.5,-13.7,False,48631302535,47.5,-7.2,2026-07-19 11:46 UTC
EBAY,EBAY,US,eBay Inc.,Consumer Discretionary,NASDAQ,112.06,45.3,7.9,2.8,False,49754638916,24.5,-6.1,2026-07-19 11:46 UTC
DD,DD,US,DuPont,Materials,NYSE,135.29,45.3,1.9,-210.8,True,18266773855,,-14.4,2026-07-19 11:46 UTC
CSC.AX,CSC,ASX,Capstone Copper,Materials,ASX,12.52,45.4,47.6,281.0,False,9562668703,30.3,-29.8,2026-07-19 11:46 UTC
PFG,PFG,US,Principal Financial Group,Financials,NASDAQ,113.95,45.7,-3.1,-24.6,False,24614610498,20.8,-0.8,2026-07-19 11:46 UTC
EXPE,EXPE,US,Expedia Group,Consumer Discretionary,NASDAQ,268.77,46.5,7.6,4.9,False,32258332317,24.9,-11.5,2026-07-19 11:46 UTC
NEM.AX,NEM,ASX,Newmont,Materials,ASX,129.91,46.8,21.3,111.6,False,138685783481,19.6,-32.0,2026-07-19 11:46 UTC
SPG,SPG,US,Simon Property Group,Real Estate,NYSE,228.7,47.1,6.7,95.2,False,74165101885,16.0,-1.2,2026-07-19 11:46 UTC
APH,APH,US,Amphenol,Information Technology,NYSE,151.2,47.3,51.7,76.2,False,186011444330,43.6,-15.3,2026-07-19 11:46 UTC
NTRS,NTRS,US,Northern Trust,Financials,NASDAQ,184.68,47.6,-2.5,-14.5,False,34174526252,19.7,-3.6,2026-07-19 11:46 UTC
GGP.AX,GGP,ASX,Greatland Resources,Materials,ASX,9.93,47.8,,,False,6699447101,,-35.6,2026-07-19 11:46 UTC
AIZ,AIZ,US,Assurant,Financials,NYSE,276.84,49.4,7.9,14.8,False,13716767646,15.7,-2.6,2026-07-19 11:46 UTC
CSX,CSX,US,CSX Corporation,Industrials,NASDAQ,50.75,49.7,-3.1,-16.7,False,94300546942,32.6,-1.1,2026-07-19 11:46 UTC
VTR,VTR,US,Ventas,Real Estate,NYSE,96.1,49.8,18.5,209.8,False,46720909638,185.9,-1.1,2026-07-19 11:46 UTC
ANET,ANET,US,Arista Networks,Information Technology,NYSE,168.61,50.8,28.6,23.1,False,212308559710,60.5,-11.2,2026-07-19 11:46 UTC
RIO.AX,RIO,ASX,Rio Tinto,Materials,ASX,160.95,51.1,7.4,-13.7,False,261745278741,26.3,-17.8,2026-07-19 11:46 UTC
AAI.AX,AAI,ASX,Alcoa,Materials,ASX,66.98,51.3,7.9,1828.3,False,17675486443,15.3,-43.2,2026-07-19 11:46 UTC
DAL,DAL,US,Delta Air Lines,Industrials,NYSE,84.17,51.7,2.8,44.8,False,55352129231,11.1,-12.0,2026-07-19 11:46 UTC
SGM.AX,SGM,ASX,Sims Metal,Materials,ASX,24.7,52.4,4.1,67.1,False,4772855050,,-22.4,2026-07-19 11:46 UTC
GL,GL,US,Globe Life,Financials,NYSE,184.76,52.6,3.7,8.4,False,14345645616,12.4,-3.5,2026-07-19 11:46 UTC
AKAM,AKAM,US,Akamai Technologies,Information Technology,NASDAQ,120.19,52.7,5.4,-10.5,False,17473877711,38.7,-27.4,2026-07-19 11:46 UTC
FTNT,FTNT,US,Fortinet,Information Technology,NASDAQ,161.61,53.3,14.2,6.2,False,118403306917,63.9,-5.1,2026-07-19 11:46 UTC
BHP.AX,BHP,ASX,BHP,Materials,ASX,57.54,53.3,-7.9,14.2,False,292342917839,32.4,-12.8,2026-07-19 11:46 UTC
GS,GS,US,Goldman Sachs,Financials,NYSE,1065.22,53.4,8.9,20.3,False,314247796355,18.3,-7.7,2026-07-19 11:46 UTC
CFG,CFG,US,Citizens Financial Group,Financials,NYSE,72.39,53.8,5.6,21.3,False,30597635549,16.7,-3.1,2026-07-19 11:46 UTC
NTAP,NTAP,US,NetApp,Information Technology,NASDAQ,163.88,53.9,5.4,7.6,False,32107358593,25.2,-15.0,2026-07-19 11:46 UTC
LLY,LLY,US,Lilly (Eli),Health Care,NYSE,1179.11,53.9,44.7,94.9,False,1051461196166,50.9,-5.6,2026-07-19 11:46 UTC
IVZ,IVZ,US,Invesco,Financials,NYSE,29.63,54.0,5.1,-136.4,True,13134878745,,-4.5,2026-07-19 11:46 UTC
LSF.AX,LSF,ASX,L1 Long Short Fund,Financials,ASX,4.39,54.3,,,False,2786198669,,-10.4,2026-07-19 11:46 UTC
UNH,UNH,US,UnitedHealth Group,Health Care,NYSE,426.09,54.8,11.8,-16.3,False,386951245775,32.1,-7.7,2026-07-19 11:46 UTC
WELL,WELL,US,Welltower,Real Estate,NYSE,243.25,55.3,35.8,-1.6,False,171713689962,183.3,-1.3,2026-07-19 11:46 UTC
NEM,NEM,US,Newmont,Materials,NYSE,89.7,55.8,21.3,111.6,False,95759479673,13.5,-33.5,2026-07-19 11:46 UTC
PWR,PWR,US,Quanta Services,Industrials,NYSE,628.53,56.0,20.3,13.7,False,94317309847,91.7,-20.3,2026-07-19 11:46 UTC
OBM.AX,OBM,ASX,Ora Banda Mining,Materials,ASX,1.0,56.3,57.7,162.5,False,1927653086,69.9,-41.9,2026-07-19 11:46 UTC
MS,MS,US,Morgan Stanley,Financials,NYSE,215.5,56.7,14.5,25.9,False,338766000000,20.1,-7.2,2026-07-19 11:46 UTC
ADI,ADI,US,Analog Devices,Information Technology,NASDAQ,375.36,57.3,16.9,38.7,False,182832984199,80.6,-15.8,2026-07-19 11:46 UTC
LTR.AX,LTR,ASX,Liontown Resources,Materials,ASX,1.33,58.3,,-197.7,False,4228217695,,-49.8,2026-07-19 11:46 UTC
JNJ,JNJ,US,Johnson & Johnson,Health Care,NYSE,253.04,58.4,6.0,90.6,False,609122166180,22.7,-6.1,2026-07-19 11:46 UTC
AAPL,AAPL,US,Apple Inc.,Information Technology,NASDAQ,333.74,58.7,6.4,19.5,False,4901758048009,43.8,-0.4,2026-07-19 11:46 UTC
ALB,ALB,US,Albemarle Corporation,Materials,NYSE,120.78,58.8,-4.4,56.7,False,14244147004,,-45.3,2026-07-19 11:46 UTC
WGX.AX,WGX,ASX,Westgold Resources,Materials,ASX,4.35,60.0,9.5,852.0,False,4110017213,43.2,-46.7,2026-07-19 11:46 UTC
EIX,EIX,US,Edison International,Utilities,NYSE,77.63,60.2,9.8,204.1,False,29871552583,6.4,-2.8,2026-07-19 11:46 UTC
HST,HST,US,Host Hotels & Resorts,Real Estate,NASDAQ,23.94,60.5,7.6,9.8,False,16396010353,21.4,-5.8,2026-07-19 11:46 UTC
SFR.AX,SFR,ASX,Sandfire Resources,Materials,ASX,17.64,62.0,28.6,637.5,False,8237232398,88.3,-18.9,2026-07-19 11:46 UTC
BNY,BNY,US,BNY Mellon,Financials,NYSE,157.13,62.0,8.2,22.5,False,107850742692,19.4,-4.1,2026-07-19 11:46 UTC
L1G.AX,L1G,ASX,L1 Group,Financials,ASX,1.11,62.2,-26.6,-86.1,False,2848872184,454.7,-14.6,2026-07-19 11:46 UTC
ADM,ADM,US,Archer Daniels Midland,Consumer Staples,NYSE,85.9,62.9,-6.2,-40.1,False,41400066405,38.4,-0.1,2026-07-19 11:46 UTC
MND.AX,MND,ASX,Monadelphous Group,Industrials,ASX,29.15,62.9,16.7,16.2,False,2930234218,47.1,-21.0,2026-07-19 11:46 UTC
LYC.AX,LYC,ASX,Lynas Rare Earths,Materials,ASX,15.89,63.5,16.8,-90.5,False,15993326310,2001.7,-29.0,2026-07-19 11:46 UTC
BG,BG,US,Bunge Global,Consumer Staples,NYSE,119.15,64.6,32.4,-28.2,False,23117258698,28.3,-11.7,2026-07-19 11:46 UTC
BIIB,BIIB,US,Biogen,Health Care,NASDAQ,205.99,64.8,2.2,-20.8,False,30411770542,23.5,-6.2,2026-07-19 11:46 UTC
MRK,MRK,US,Merck & Co.,Health Care,NYSE,127.5,64.8,1.3,6.6,False,314902612912,17.3,-3.2,2026-07-19 11:46 UTC
MNST,MNST,US,Monster Beverage,Consumer Staples,NASDAQ,97.5,65.3,10.7,26.3,False,95355790725,50.0,-2.8,2026-07-19 11:46 UTC
EXPD,EXPD,US,Expeditors International,Industrials,NYSE,182.8,65.4,4.4,0.0,False,23908619512,29.5,-0.4,2026-07-19 11:46 UTC
DVA,DVA,US,DaVita,Health Care,NYSE,236.97,67.9,6.5,-20.2,False,15209919528,20.4,-1.1,2026-07-19 11:46 UTC
CSCO,CSCO,US,Cisco,Information Technology,NASDAQ,111.94,67.9,5.3,-1.4,False,441204206023,43.3,-14.1,2026-07-19 11:46 UTC
CASY,CASY,US,Casey's,Consumer Staples,NASDAQ,859.12,69.0,10.2,30.7,False,31791661535,44.5,-7.4,2026-07-19 11:46 UTC
TRGP,TRGP,US,Targa Resources,Energy,NYSE,282.91,69.1,3.9,46.6,False,60724907384,31.6,-0.9,2026-07-19 11:46 UTC
HAL,HAL,US,Halliburton,Energy,NYSE,35.22,69.8,-3.3,-48.7,False,29422709246,22.9,-19.2,2026-07-19 11:46 UTC
PSX,PSX,US,Phillips 66,Energy,NYSE,206.86,69.9,-7.5,108.0,False,82937418482,18.8,-0.1,2026-07-19 11:46 UTC
WST,WST,US,West Pharmaceutical Services,Health Care,NYSE,358.24,70.4,6.3,0.2,False,25308793743,51.3,-2.6,2026-07-19 11:46 UTC
NUE,NUE,US,Nucor,Materials,NYSE,236.61,70.5,5.7,-14.0,False,53885786319,30.9,-12.7,2026-07-19 11:46 UTC
CRWD,CRWD,US,CrowdStrike,Information Technology,NASDAQ,203.08,70.7,21.7,-966.2,False,206788096447,,-6.6,2026-07-19 11:46 UTC
RDX.AX,RDX,ASX,Redox,Industrials,ASX,3.7,71.3,9.4,-14.6,False,1942801309,25.2,-11.1,2026-07-19 11:46 UTC
STT,STT,US,State Street Corporation,Financials,NYSE,182.5,72.5,8.1,9.6,False,50133215375,17.0,-5.2,2026-07-19 11:46 UTC
INCY,INCY,US,Incyte,Health Care,NASDAQ,117.25,72.8,21.2,3845.0,False,23424457674,18.2,-2.0,2026-07-19 11:46 UTC
FDX,FDX,US,FedEx,Industrials,NYSE,312.98,74.7,0.3,-5.5,False,74679145114,18.3,-9.4,2026-07-19 11:46 UTC
DDOG,DDOG,US,Datadog,Information Technology,NASDAQ,258.69,78.4,27.7,-41.4,False,92083342161,854.7,-7.2,2026-07-19 11:46 UTC
CVS,CVS,US,CVS Health,Health Care,NYSE,107.47,79.8,7.8,-61.7,False,137123909241,77.6,-1.4,2026-07-19 11:46 UTC
STLD,STLD,US,Steel Dynamics,Materials,NASDAQ,235.51,81.1,3.6,-22.9,False,33963551261,28.6,-18.4,2026-07-19 11:46 UTC
ROST,ROST,US,Ross Stores,Consumer Discretionary,NASDAQ,233.46,81.3,7.7,2.6,False,74889552157,34.9,-3.9,2026-07-19 11:46 UTC
MPWR,MPWR,US,Monolithic Power Systems,Information Technology,NASDAQ,1312.0,82.2,26.4,-61.0,False,64457598304,103.7,-23.5,2026-07-19 11:46 UTC
VAU.AX,VAU,ASX,Vault Minerals,Materials,ASX,4.62,82.5,,,False,4779694317,,-26.7,2026-07-19 11:46 UTC
MPC,MPC,US,Marathon Petroleum,Energy,NYSE,312.6,83.0,-4.4,17.5,False,91259393883,22.5,-0.2,2026-07-19 11:46 UTC
PANW,PANW,US,Palo Alto Networks,Information Technology,NASDAQ,358.68,83.2,14.9,-56.0,False,292324194031,257.8,-2.7,2026-07-19 11:46 UTC
HUM,HUM,US,Humana,Health Care,NYSE,400.0,84.1,10.1,-1.6,False,48024600000,40.4,-6.7,2026-07-19 11:46 UTC
GEV,GEV,US,GE Vernova,Industrials,NYSE,1057.84,84.6,9.0,214.7,False,284262750326,58.2,-11.5,2026-07-19 11:46 UTC
GOOG,GOOG,US,Alphabet Inc. (Class C),Communication Services,NASDAQ,346.12,86.7,15.1,32.0,False,4223554551827,32.0,-14.4,2026-07-19 11:46 UTC
GOOGL,GOOGL,US,Alphabet Inc. (Class A),Communication Services,NASDAQ,346.77,87.9,15.1,32.0,False,4231486149882,32.0,-15.1,2026-07-19 11:46 UTC
CMI,CMI,US,Cummins,Industrials,NYSE,648.48,88.0,-1.3,-28.0,False,89483147473,31.5,-12.1,2026-07-19 11:46 UTC
EOS.AX,EOS,ASX,Electro Optic Systems Holdings,Industrials,ASX,7.03,90.0,-27.2,199.4,False,1558566245,83.7,-44.1,2026-07-19 11:46 UTC
KEYS,KEYS,US,Keysight Technologies,Information Technology,NYSE,315.9,94.5,8.0,38.4,False,53985845708,63.5,-15.8,2026-07-19 11:46 UTC
APA,APA,US,APA Corporation,Energy,NASDAQ,35.22,94.9,-8.4,78.4,False,12449221826,8.7,-22.9,2026-07-19 11:46 UTC
JBHT,JBHT,US,J.B. Hunt,Industrials,NASDAQ,291.41,97.6,-0.7,4.8,False,27363399344,45.7,-2.8,2026-07-19 11:46 UTC
MRNA,MRNA,US,Moderna,Health Care,NASDAQ,61.82,97.8,-39.9,20.8,False,24529326410,,-27.8,2026-07-19 11:46 UTC
ALK.AX,ALK,ASX,Alkane Resources,Materials,ASX,1.3,100.8,-9.2,-58.4,False,1782897220,100.9,-31.0,2026-07-19 11:46 UTC
VTRS,VTRS,US,Viatris,Health Care,NASDAQ,17.29,102.4,-3.0,-454.2,False,20135116454,,-2.2,2026-07-19 11:46 UTC
MIN.AX,MIN,ASX,Mineral Resources,Materials,ASX,56.78,104.6,10.0,-48.6,False,11272944983,90.2,-24.2,2026-07-19 11:46 UTC
WBD,WBD,US,Warner Bros. Discovery,Communication Services,NASDAQ,26.87,110.7,-5.1,106.4,False,67366765287,92.7,-10.4,2026-07-19 11:46 UTC
CDA.AX,CDA,ASX,Codan,Information Technology,ASX,41.73,113.6,22.5,27.2,False,7589657020,73.3,-7.8,2026-07-19 11:46 UTC
CAT,CAT,US,Caterpillar Inc.,Industrials,NYSE,880.28,115.1,4.3,-17.7,False,405449924289,45.6,-18.0,2026-07-19 11:46 UTC
VLO,VLO,US,Valero Energy,Energy,NYSE,309.65,117.3,-5.5,-15.2,False,91945234134,39.2,-0.1,2026-07-19 11:46 UTC
CHRW,CHRW,US,C.H. Robinson,Industrials,NASDAQ,208.5,117.3,-8.4,26.1,False,24576529257,41.9,-0.2,2026-07-19 11:46 UTC
HPE,HPE,US,Hewlett Packard Enterprise,Information Technology,NYSE,45.82,121.6,13.8,-97.8,False,60675004928,1064.5,-28.7,2026-07-19 11:46 UTC
VRT,VRT,US,Vertiv,Industrials,NYSE,289.56,124.6,27.7,168.8,False,111222547823,83.5,-23.8,2026-07-19 11:46 UTC
FLEX,FLEX,US,Flex Ltd.,Information Technology,NASDAQ,119.25,124.7,8.1,5.0,False,43691954314,49.6,-28.5,2026-07-19 11:46 UTC
NWH.AX,NWH,ASX,NRW Holdings,Industrials,ASX,6.83,127.1,12.2,-73.7,False,3138159220,113.4,-12.9,2026-07-19 11:46 UTC
KLAC,KLAC,US,KLA Corporation,Information Technology,NASDAQ,212.75,130.0,23.9,47.1,False,277910050928,68.4,-30.8,2026-07-19 11:46 UTC
CNC,CNC,US,Centene Corporation,Health Care,NYSE,66.44,137.7,19.4,-301.9,True,32807873886,,-4.2,2026-07-19 11:46 UTC
MRVL,MRVL,US,Marvell Technology,Information Technology,NASDAQ,188.68,153.3,42.1,401.7,False,169348675158,63.4,-42.8,2026-07-19 11:46 UTC
PLS.AX,PLS,ASX,PLS Group,Materials,ASX,4.33,174.9,-50.4,-176.2,True,13958281221,,-36.4,2026-07-19 11:46 UTC
COHR,COHR,US,Coherent Corp.,Information Technology,NYSE,277.6,178.7,23.4,131.6,False,54309476704,1100.2,-36.9,2026-07-19 11:46 UTC
AMAT,AMAT,US,Applied Materials,Information Technology,NASDAQ,529.66,180.2,4.4,-2.5,False,420528530372,60.1,-28.4,2026-07-19 11:46 UTC
GLW,GLW,US,Corning Inc.,Information Technology,NYSE,154.61,189.4,19.1,215.4,False,133063214649,83.4,-43.1,2026-07-19 11:46 UTC
FIX,FIX,US,Comfort Systems USA,Industrials,NYSE,1674.06,202.8,29.5,95.7,False,58900073858,57.6,-19.3,2026-07-19 11:46 UTC
DELL,DELL,US,Dell Technologies,Information Technology,NYSE,396.34,206.6,18.8,29.3,False,256092087547,43.1,-15.6,2026-07-19 11:46 UTC
LRCX,LRCX,US,Lam Research,Information Technology,NASDAQ,313.3,213.0,23.7,40.0,False,391793853435,73.1,-28.6,2026-07-19 11:46 UTC
AMD,AMD,US,Advanced Micro Devices,Information Technology,NASDAQ,495.76,215.8,34.3,164.2,False,808386588714,186.5,-15.2,2026-07-19 11:46 UTC
ECHO,ECHO,US,EchoStar,Communication Services,NASDAQ,92.0,221.6,-5.2,-12026.9,False,26662840896,,-37.5,2026-07-19 11:46 UTC
TER,TER,US,Teradyne,Information Technology,NASDAQ,322.36,244.1,13.1,2.2,False,50462929049,91.1,-33.9,2026-07-19 11:46 UTC
INTC,INTC,US,Intel,Information Technology,NASDAQ,95.04,311.4,-0.5,98.6,False,477671044601,,-33.2,2026-07-19 11:46 UTC
CIEN,CIEN,US,Ciena,Information Technology,NYSE,374.41,340.6,18.8,46.9,False,52998830044,429.7,-41.3,2026-07-19 11:46 UTC
STX,STX,US,Seagate Technology,Information Technology,NASDAQ,787.66,432.7,38.9,338.5,False,178209735612,121.3,-31.2,2026-07-19 11:46 UTC
WDC,WDC,US,Western Digital,Information Technology,NASDAQ,477.22,603.7,50.7,333.2,False,164489206977,88.4,-40.3,2026-07-19 11:46 UTC
LITE,LITE,US,Lumentum,Information Technology,NASDAQ,732.82,616.9,21.0,104.7,False,57013396570,2201.3,-32.5,2026-07-19 11:46 UTC
MU,MU,US,Micron Technology,Information Technology,NASDAQ,848.95,643.3,48.9,997.6,False,958798329328,112.3,-32.4,2026-07-19 11:46 UTC
4DX.AX,4DX,ASX,4DMedical,Healthcare,ASX,3.2,1180.0,89.5,16.4,False,1918844377,,-57.6,2026-07-19 11:46 UTC
SNDK,SNDK,US,Sandisk,Information Technology,NASDAQ,1354.82,3111.2,10.4,-144.2,False,200634957980,,-42.5,2026-07-19 11:46 UTC
EOG,EOG,US,EOG Resources,Energy,NYSE,139.89,,-3.4,-22.2,False,74509404737,15.0,-7.9,2026-07-19 11:46 UTC
